[
  {
    "zone_name": "Asia/Kabul",
    "gmt_offset": 16200,
    "gmt_offset_name": "UTC+04:30",
    "abbreviation": "AFT",
    "timezone_name": "Afghanistan Time",
    "country_id": 1
  },
  {
    "zone_name": "Europe/Mariehamn",
    "gmt_offset": 7200,
    "gmt_offset_name": "UTC+02:00",
    "abbreviation": "EET",
    "timezone_name": "Eastern European Time",
    "country_id": 2
  },
  {
    "zone_name": "Europe/Tirane",
    "gmt_offset": 3600,
    "gmt_offset_name": "UTC+01:00",
    "abbreviation": "CET",
    "timezone_name": "Central European Time",
    "country_id": 3
  },
  {
    "zone_name": "Africa/Algiers",
    "gmt_offset": 3600,
    "gmt_offset_name": "UTC+01:00",
    "abbreviation": "CET",
    "timezone_name": "Central European Time",
    "country_id": 4
  },
  {
    "zone_name": "Pacific/Pago_Pago",
    "gmt_offset": -39600,
    "gmt_offset_name": "UTC-11:00",
    "abbreviation": "SST",
    "timezone_name": "Samoa Standard Time",
    "country_id": 5
  },
  {
    "zone_name": "Europe/Andorra",
    "gmt_offset": 3600,
    "gmt_offset_name": "UTC+01:00",
    "abbreviation": "CET",
    "timezone_name": "Central European Time",
    "country_id": 6
  },
  {
    "zone_name": "Africa/Luanda",
    "gmt_offset": 3600,
    "gmt_offset_name": "UTC+01:00",
    "abbreviation": "WAT",
    "timezone_name": "West Africa Time",
    "country_id": 7
  },
  {
    "zone_name": "America/Anguilla",
    "gmt_offset": -14400,
    "gmt_offset_name": "UTC-04:00",
    "abbreviation": "AST",
    "timezone_name": "Atlantic Standard Time",
    "country_id": 8
  },
  {
    "zone_name": "Antarctica/Casey",
    "gmt_offset": 39600,
    "gmt_offset_name": "UTC+11:00",
    "abbreviation": "AWST",
    "timezone_name": "Australian Western Standard Time",
    "country_id": 9
  },
  {
    "zone_name": "Antarctica/Davis",
    "gmt_offset": 25200,
    "gmt_offset_name": "UTC+07:00",
    "abbreviation": "DAVT",
    "timezone_name": "Davis Time",
    "country_id": 9
  },
  {
    "zone_name": "Antarctica/DumontDUrville",
    "gmt_offset": 36000,
    "gmt_offset_name": "UTC+10:00",
    "abbreviation": "DDUT",
    "timezone_name": "Dumont d'Urville Time",
    "country_id": 9
  },
  {
    "zone_name": "Antarctica/Mawson",
    "gmt_offset": 18000,
    "gmt_offset_name": "UTC+05:00",
    "abbreviation": "MAWT",
    "timezone_name": "Mawson Station Time",
    "country_id": 9
  },
  {
    "zone_name": "Antarctica/McMurdo",
    "gmt_offset": 46800,
    "gmt_offset_name": "UTC+13:00",
    "abbreviation": "NZDT",
    "timezone_name": "New Zealand Daylight Time",
    "country_id": 9
  },
  {
    "zone_name": "Antarctica/Palmer",
    "gmt_offset": -10800,
    "gmt_offset_name": "UTC-03:00",
    "abbreviation": "CLST",
    "timezone_name": "Chile Summer Time",
    "country_id": 9
  },
  {
    "zone_name": "Antarctica/Rothera",
    "gmt_offset": -10800,
    "gmt_offset_name": "UTC-03:00",
    "abbreviation": "ROTT",
    "timezone_name": "Rothera Research Station Time",
    "country_id": 9
  },
  {
    "zone_name": "Antarctica/Syowa",
    "gmt_offset": 10800,
    "gmt_offset_name": "UTC+03:00",
    "abbreviation": "SYOT",
    "timezone_name": "Showa Station Time",
    "country_id": 9
  },
  {
    "zone_name": "Antarctica/Troll",
    "gmt_offset": 0,
    "gmt_offset_name": "UTC±00",
    "abbreviation": "GMT",
    "timezone_name": "Greenwich Mean Time",
    "country_id": 9
  },
  {
    "zone_name": "Antarctica/Vostok",
    "gmt_offset": 21600,
    "gmt_offset_name": "UTC+06:00",
    "abbreviation": "VOST",
    "timezone_name": "Vostok Station Time",
    "country_id": 9
  },
  {
    "zone_name": "America/Antigua",
    "gmt_offset": -14400,
    "gmt_offset_name": "UTC-04:00",
    "abbreviation": "AST",
    "timezone_name": "Atlantic Standard Time",
    "country_id": 10
  },
  {
    "zone_name": "America/Argentina/Buenos_Aires",
    "gmt_offset": -10800,
    "gmt_offset_name": "UTC-03:00",
    "abbreviation": "ART",
    "timezone_name": "Argentina Time",
    "country_id": 11
  },
  {
    "zone_name": "America/Argentina/Catamarca",
    "gmt_offset": -10800,
    "gmt_offset_name": "UTC-03:00",
    "abbreviation": "ART",
    "timezone_name": "Argentina Time",
    "country_id": 11
  },
  {
    "zone_name": "America/Argentina/Cordoba",
    "gmt_offset": -10800,
    "gmt_offset_name": "UTC-03:00",
    "abbreviation": "ART",
    "timezone_name": "Argentina Time",
    "country_id": 11
  },
  {
    "zone_name": "America/Argentina/Jujuy",
    "gmt_offset": -10800,
    "gmt_offset_name": "UTC-03:00",
    "abbreviation": "ART",
    "timezone_name": "Argentina Time",
    "country_id": 11
  },
  {
    "zone_name": "America/Argentina/La_Rioja",
    "gmt_offset": -10800,
    "gmt_offset_name": "UTC-03:00",
    "abbreviation": "ART",
    "timezone_name": "Argentina Time",
    "country_id": 11
  },
  {
    "zone_name": "America/Argentina/Mendoza",
    "gmt_offset": -10800,
    "gmt_offset_name": "UTC-03:00",
    "abbreviation": "ART",
    "timezone_name": "Argentina Time",
    "country_id": 11
  },
  {
    "zone_name": "America/Argentina/Rio_Gallegos",
    "gmt_offset": -10800,
    "gmt_offset_name": "UTC-03:00",
    "abbreviation": "ART",
    "timezone_name": "Argentina Time",
    "country_id": 11
  },
  {
    "zone_name": "America/Argentina/Salta",
    "gmt_offset": -10800,
    "gmt_offset_name": "UTC-03:00",
    "abbreviation": "ART",
    "timezone_name": "Argentina Time",
    "country_id": 11
  },
  {
    "zone_name": "America/Argentina/San_Juan",
    "gmt_offset": -10800,
    "gmt_offset_name": "UTC-03:00",
    "abbreviation": "ART",
    "timezone_name": "Argentina Time",
    "country_id": 11
  },
  {
    "zone_name": "America/Argentina/San_Luis",
    "gmt_offset": -10800,
    "gmt_offset_name": "UTC-03:00",
    "abbreviation": "ART",
    "timezone_name": "Argentina Time",
    "country_id": 11
  },
  {
    "zone_name": "America/Argentina/Tucuman",
    "gmt_offset": -10800,
    "gmt_offset_name": "UTC-03:00",
    "abbreviation": "ART",
    "timezone_name": "Argentina Time",
    "country_id": 11
  },
  {
    "zone_name": "America/Argentina/Ushuaia",
    "gmt_offset": -10800,
    "gmt_offset_name": "UTC-03:00",
    "abbreviation": "ART",
    "timezone_name": "Argentina Time",
    "country_id": 11
  },
  {
    "zone_name": "Asia/Yerevan",
    "gmt_offset": 14400,
    "gmt_offset_name": "UTC+04:00",
    "abbreviation": "AMT",
    "timezone_name": "Armenia Time",
    "country_id": 12
  },
  {
    "zone_name": "America/Aruba",
    "gmt_offset": -14400,
    "gmt_offset_name": "UTC-04:00",
    "abbreviation": "AST",
    "timezone_name": "Atlantic Standard Time",
    "country_id": 13
  },
  {
    "zone_name": "Antarctica/Macquarie",
    "gmt_offset": 39600,
    "gmt_offset_name": "UTC+11:00",
    "abbreviation": "MIST",
    "timezone_name": "Macquarie Island Station Time",
    "country_id": 14
  },
  {
    "zone_name": "Australia/Adelaide",
    "gmt_offset": 37800,
    "gmt_offset_name": "UTC+10:30",
    "abbreviation": "ACDT",
    "timezone_name": "Australian Central Daylight Saving Time",
    "country_id": 14
  },
  {
    "zone_name": "Australia/Brisbane",
    "gmt_offset": 36000,
    "gmt_offset_name": "UTC+10:00",
    "abbreviation": "AEST",
    "timezone_name": "Australian Eastern Standard Time",
    "country_id": 14
  },
  {
    "zone_name": "Australia/Broken_Hill",
    "gmt_offset": 37800,
    "gmt_offset_name": "UTC+10:30",
    "abbreviation": "ACDT",
    "timezone_name": "Australian Central Daylight Saving Time",
    "country_id": 14
  },
  {
    "zone_name": "Australia/Currie",
    "gmt_offset": 39600,
    "gmt_offset_name": "UTC+11:00",
    "abbreviation": "AEDT",
    "timezone_name": "Australian Eastern Daylight Saving Time",
    "country_id": 14
  },
  {
    "zone_name": "Australia/Darwin",
    "gmt_offset": 34200,
    "gmt_offset_name": "UTC+09:30",
    "abbreviation": "ACST",
    "timezone_name": "Australian Central Standard Time",
    "country_id": 14
  },
  {
    "zone_name": "Australia/Eucla",
    "gmt_offset": 31500,
    "gmt_offset_name": "UTC+08:45",
    "abbreviation": "ACWST",
    "timezone_name": "Australian Central Western Standard Time (Unofficial)",
    "country_id": 14
  },
  {
    "zone_name": "Australia/Hobart",
    "gmt_offset": 39600,
    "gmt_offset_name": "UTC+11:00",
    "abbreviation": "AEDT",
    "timezone_name": "Australian Eastern Daylight Saving Time",
    "country_id": 14
  },
  {
    "zone_name": "Australia/Lindeman",
    "gmt_offset": 36000,
    "gmt_offset_name": "UTC+10:00",
    "abbreviation": "AEST",
    "timezone_name": "Australian Eastern Standard Time",
    "country_id": 14
  },
  {
    "zone_name": "Australia/Lord_Howe",
    "gmt_offset": 39600,
    "gmt_offset_name": "UTC+11:00",
    "abbreviation": "LHST",
    "timezone_name": "Lord Howe Summer Time",
    "country_id": 14
  },
  {
    "zone_name": "Australia/Melbourne",
    "gmt_offset": 39600,
    "gmt_offset_name": "UTC+11:00",
    "abbreviation": "AEDT",
    "timezone_name": "Australian Eastern Daylight Saving Time",
    "country_id": 14
  },
  {
    "zone_name": "Australia/Perth",
    "gmt_offset": 28800,
    "gmt_offset_name": "UTC+08:00",
    "abbreviation": "AWST",
    "timezone_name": "Australian Western Standard Time",
    "country_id": 14
  },
  {
    "zone_name": "Australia/Sydney",
    "gmt_offset": 39600,
    "gmt_offset_name": "UTC+11:00",
    "abbreviation": "AEDT",
    "timezone_name": "Australian Eastern Daylight Saving Time",
    "country_id": 14
  },
  {
    "zone_name": "Europe/Vienna",
    "gmt_offset": 3600,
    "gmt_offset_name": "UTC+01:00",
    "abbreviation": "CET",
    "timezone_name": "Central European Time",
    "country_id": 15
  },
  {
    "zone_name": "Asia/Baku",
    "gmt_offset": 14400,
    "gmt_offset_name": "UTC+04:00",
    "abbreviation": "AZT",
    "timezone_name": "Azerbaijan Time",
    "country_id": 16
  },
  {
    "zone_name": "America/Nassau",
    "gmt_offset": -18000,
    "gmt_offset_name": "UTC-05:00",
    "abbreviation": "EST",
    "timezone_name": "Eastern Standard Time (North America)",
    "country_id": 17
  },
  {
    "zone_name": "Asia/Bahrain",
    "gmt_offset": 10800,
    "gmt_offset_name": "UTC+03:00",
    "abbreviation": "AST",
    "timezone_name": "Arabia Standard Time",
    "country_id": 18
  },
  {
    "zone_name": "Asia/Dhaka",
    "gmt_offset": 21600,
    "gmt_offset_name": "UTC+06:00",
    "abbreviation": "BDT",
    "timezone_name": "Bangladesh Standard Time",
    "country_id": 19
  },
  {
    "zone_name": "America/Barbados",
    "gmt_offset": -14400,
    "gmt_offset_name": "UTC-04:00",
    "abbreviation": "AST",
    "timezone_name": "Atlantic Standard Time",
    "country_id": 20
  },
  {
    "zone_name": "Europe/Minsk",
    "gmt_offset": 10800,
    "gmt_offset_name": "UTC+03:00",
    "abbreviation": "MSK",
    "timezone_name": "Moscow Time",
    "country_id": 21
  },
  {
    "zone_name": "Europe/Brussels",
    "gmt_offset": 3600,
    "gmt_offset_name": "UTC+01:00",
    "abbreviation": "CET",
    "timezone_name": "Central European Time",
    "country_id": 22
  },
  {
    "zone_name": "America/Belize",
    "gmt_offset": -21600,
    "gmt_offset_name": "UTC-06:00",
    "abbreviation": "CST",
    "timezone_name": "Central Standard Time (North America)",
    "country_id": 23
  },
  {
    "zone_name": "Africa/Porto-Novo",
    "gmt_offset": 3600,
    "gmt_offset_name": "UTC+01:00",
    "abbreviation": "WAT",
    "timezone_name": "West Africa Time",
    "country_id": 24
  },
  {
    "zone_name": "Atlantic/Bermuda",
    "gmt_offset": -14400,
    "gmt_offset_name": "UTC-04:00",
    "abbreviation": "AST",
    "timezone_name": "Atlantic Standard Time",
    "country_id": 25
  },
  {
    "zone_name": "Asia/Thimphu",
    "gmt_offset": 21600,
    "gmt_offset_name": "UTC+06:00",
    "abbreviation": "BTT",
    "timezone_name": "Bhutan Time",
    "country_id": 26
  },
  {
    "zone_name": "America/La_Paz",
    "gmt_offset": -14400,
    "gmt_offset_name": "UTC-04:00",
    "abbreviation": "BOT",
    "timezone_name": "Bolivia Time",
    "country_id": 27
  },
  {
    "zone_name": "America/Kralendijk",
    "gmt_offset": -14400,
    "gmt_offset_name": "UTC-04:00",
    "abbreviation": "AST",
    "timezone_name": "Atlantic Standard Time",
    "country_id": 28
  },
  {
    "zone_name": "Europe/Sarajevo",
    "gmt_offset": 3600,
    "gmt_offset_name": "UTC+01:00",
    "abbreviation": "CET",
    "timezone_name": "Central European Time",
    "country_id": 29
  },
  {
    "zone_name": "Africa/Gaborone",
    "gmt_offset": 7200,
    "gmt_offset_name": "UTC+02:00",
    "abbreviation": "CAT",
    "timezone_name": "Central Africa Time",
    "country_id": 30
  },
  {
    "zone_name": "Europe/Oslo",
    "gmt_offset": 3600,
    "gmt_offset_name": "UTC+01:00",
    "abbreviation": "CET",
    "timezone_name": "Central European Time",
    "country_id": 31
  },
  {
    "zone_name": "America/Araguaina",
    "gmt_offset": -10800,
    "gmt_offset_name": "UTC-03:00",
    "abbreviation": "BRT",
    "timezone_name": "Brasília Time",
    "country_id": 32
  },
  {
    "zone_name": "America/Bahia",
    "gmt_offset": -10800,
    "gmt_offset_name": "UTC-03:00",
    "abbreviation": "BRT",
    "timezone_name": "Brasília Time",
    "country_id": 32
  },
  {
    "zone_name": "America/Belem",
    "gmt_offset": -10800,
    "gmt_offset_name": "UTC-03:00",
    "abbreviation": "BRT",
    "timezone_name": "Brasília Time",
    "country_id": 32
  },
  {
    "zone_name": "America/Boa_Vista",
    "gmt_offset": -14400,
    "gmt_offset_name": "UTC-04:00",
    "abbreviation": "AMT",
    "timezone_name": "Amazon Time (Brazil)",
    "country_id": 32
  },
  {
    "zone_name": "America/Campo_Grande",
    "gmt_offset": -14400,
    "gmt_offset_name": "UTC-04:00",
    "abbreviation": "AMT",
    "timezone_name": "Amazon Time (Brazil)",
    "country_id": 32
  },
  {
    "zone_name": "America/Cuiaba",
    "gmt_offset": -14400,
    "gmt_offset_name": "UTC-04:00",
    "abbreviation": "BRT",
    "timezone_name": "Brasilia Time",
    "country_id": 32
  },
  {
    "zone_name": "America/Eirunepe",
    "gmt_offset": -18000,
    "gmt_offset_name": "UTC-05:00",
    "abbreviation": "ACT",
    "timezone_name": "Acre Time",
    "country_id": 32
  },
  {
    "zone_name": "America/Fortaleza",
    "gmt_offset": -10800,
    "gmt_offset_name": "UTC-03:00",
    "abbreviation": "BRT",
    "timezone_name": "Brasília Time",
    "country_id": 32
  },
  {
    "zone_name": "America/Maceio",
    "gmt_offset": -10800,
    "gmt_offset_name": "UTC-03:00",
    "abbreviation": "BRT",
    "timezone_name": "Brasília Time",
    "country_id": 32
  },
  {
    "zone_name": "America/Manaus",
    "gmt_offset": -14400,
    "gmt_offset_name": "UTC-04:00",
    "abbreviation": "AMT",
    "timezone_name": "Amazon Time (Brazil)",
    "country_id": 32
  },
  {
    "zone_name": "America/Noronha",
    "gmt_offset": -7200,
    "gmt_offset_name": "UTC-02:00",
    "abbreviation": "FNT",
    "timezone_name": "Fernando de Noronha Time",
    "country_id": 32
  },
  {
    "zone_name": "America/Porto_Velho",
    "gmt_offset": -14400,
    "gmt_offset_name": "UTC-04:00",
    "abbreviation": "AMT",
    "timezone_name": "Amazon Time (Brazil)",
    "country_id": 32
  },
  {
    "zone_name": "America/Recife",
    "gmt_offset": -10800,
    "gmt_offset_name": "UTC-03:00",
    "abbreviation": "BRT",
    "timezone_name": "Brasília Time",
    "country_id": 32
  },
  {
    "zone_name": "America/Rio_Branco",
    "gmt_offset": -18000,
    "gmt_offset_name": "UTC-05:00",
    "abbreviation": "ACT",
    "timezone_name": "Acre Time",
    "country_id": 32
  },
  {
    "zone_name": "America/Santarem",
    "gmt_offset": -10800,
    "gmt_offset_name": "UTC-03:00",
    "abbreviation": "BRT",
    "timezone_name": "Brasília Time",
    "country_id": 32
  },
  {
    "zone_name": "America/Sao_Paulo",
    "gmt_offset": -10800,
    "gmt_offset_name": "UTC-03:00",
    "abbreviation": "BRT",
    "timezone_name": "Brasília Time",
    "country_id": 32
  },
  {
    "zone_name": "Indian/Chagos",
    "gmt_offset": 21600,
    "gmt_offset_name": "UTC+06:00",
    "abbreviation": "IOT",
    "timezone_name": "Indian Ocean Time",
    "country_id": 33
  },
  {
    "zone_name": "Asia/Brunei",
    "gmt_offset": 28800,
    "gmt_offset_name": "UTC+08:00",
    "abbreviation": "BNT",
    "timezone_name": "Brunei Darussalam Time",
    "country_id": 34
  },
  {
    "zone_name": "Europe/Sofia",
    "gmt_offset": 7200,
    "gmt_offset_name": "UTC+02:00",
    "abbreviation": "EET",
    "timezone_name": "Eastern European Time",
    "country_id": 35
  },
  {
    "zone_name": "Africa/Ouagadougou",
    "gmt_offset": 0,
    "gmt_offset_name": "UTC±00",
    "abbreviation": "GMT",
    "timezone_name": "Greenwich Mean Time",
    "country_id": 36
  },
  {
    "zone_name": "Africa/Bujumbura",
    "gmt_offset": 7200,
    "gmt_offset_name": "UTC+02:00",
    "abbreviation": "CAT",
    "timezone_name": "Central Africa Time",
    "country_id": 37
  },
  {
    "zone_name": "Asia/Phnom_Penh",
    "gmt_offset": 25200,
    "gmt_offset_name": "UTC+07:00",
    "abbreviation": "ICT",
    "timezone_name": "Indochina Time",
    "country_id": 38
  },
  {
    "zone_name": "Africa/Douala",
    "gmt_offset": 3600,
    "gmt_offset_name": "UTC+01:00",
    "abbreviation": "WAT",
    "timezone_name": "West Africa Time",
    "country_id": 39
  },
  {
    "zone_name": "America/Atikokan",
    "gmt_offset": -18000,
    "gmt_offset_name": "UTC-05:00",
    "abbreviation": "EST",
    "timezone_name": "Eastern Standard Time (North America)",
    "country_id": 40
  },
  {
    "zone_name": "America/Blanc-Sablon",
    "gmt_offset": -14400,
    "gmt_offset_name": "UTC-04:00",
    "abbreviation": "AST",
    "timezone_name": "Atlantic Standard Time",
    "country_id": 40
  },
  {
    "zone_name": "America/Cambridge_Bay",
    "gmt_offset": -25200,
    "gmt_offset_name": "UTC-07:00",
    "abbreviation": "MST",
    "timezone_name": "Mountain Standard Time (North America)",
    "country_id": 40
  },
  {
    "zone_name": "America/Creston",
    "gmt_offset": -25200,
    "gmt_offset_name": "UTC-07:00",
    "abbreviation": "MST",
    "timezone_name": "Mountain Standard Time (North America)",
    "country_id": 40
  },
  {
    "zone_name": "America/Dawson",
    "gmt_offset": -25200,
    "gmt_offset_name": "UTC-07:00",
    "abbreviation": "MST",
    "timezone_name": "Mountain Standard Time (North America)",
    "country_id": 40
  },
  {
    "zone_name": "America/Dawson_Creek",
    "gmt_offset": -25200,
    "gmt_offset_name": "UTC-07:00",
    "abbreviation": "MST",
    "timezone_name": "Mountain Standard Time (North America)",
    "country_id": 40
  },
  {
    "zone_name": "America/Edmonton",
    "gmt_offset": -25200,
    "gmt_offset_name": "UTC-07:00",
    "abbreviation": "MST",
    "timezone_name": "Mountain Standard Time (North America)",
    "country_id": 40
  },
  {
    "zone_name": "America/Fort_Nelson",
    "gmt_offset": -25200,
    "gmt_offset_name": "UTC-07:00",
    "abbreviation": "MST",
    "timezone_name": "Mountain Standard Time (North America)",
    "country_id": 40
  },
  {
    "zone_name": "America/Glace_Bay",
    "gmt_offset": -14400,
    "gmt_offset_name": "UTC-04:00",
    "abbreviation": "AST",
    "timezone_name": "Atlantic Standard Time",
    "country_id": 40
  },
  {
    "zone_name": "America/Goose_Bay",
    "gmt_offset": -14400,
    "gmt_offset_name": "UTC-04:00",
    "abbreviation": "AST",
    "timezone_name": "Atlantic Standard Time",
    "country_id": 40
  },
  {
    "zone_name": "America/Halifax",
    "gmt_offset": -14400,
    "gmt_offset_name": "UTC-04:00",
    "abbreviation": "AST",
    "timezone_name": "Atlantic Standard Time",
    "country_id": 40
  },
  {
    "zone_name": "America/Inuvik",
    "gmt_offset": -25200,
    "gmt_offset_name": "UTC-07:00",
    "abbreviation": "MST",
    "timezone_name": "Mountain Standard Time (North America)",
    "country_id": 40
  },
  {
    "zone_name": "America/Iqaluit",
    "gmt_offset": -18000,
    "gmt_offset_name": "UTC-05:00",
    "abbreviation": "EST",
    "timezone_name": "Eastern Standard Time (North America)",
    "country_id": 40
  },
  {
    "zone_name": "America/Moncton",
    "gmt_offset": -14400,
    "gmt_offset_name": "UTC-04:00",
    "abbreviation": "AST",
    "timezone_name": "Atlantic Standard Time",
    "country_id": 40
  },
  {
    "zone_name": "America/Nipigon",
    "gmt_offset": -18000,
    "gmt_offset_name": "UTC-05:00",
    "abbreviation": "EST",
    "timezone_name": "Eastern Standard Time (North America)",
    "country_id": 40
  },
  {
    "zone_name": "America/Pangnirtung",
    "gmt_offset": -18000,
    "gmt_offset_name": "UTC-05:00",
    "abbreviation": "EST",
    "timezone_name": "Eastern Standard Time (North America)",
    "country_id": 40
  },
  {
    "zone_name": "America/Rainy_River",
    "gmt_offset": -21600,
    "gmt_offset_name": "UTC-06:00",
    "abbreviation": "CST",
    "timezone_name": "Central Standard Time (North America)",
    "country_id": 40
  },
  {
    "zone_name": "America/Rankin_Inlet",
    "gmt_offset": -21600,
    "gmt_offset_name": "UTC-06:00",
    "abbreviation": "CST",
    "timezone_name": "Central Standard Time (North America)",
    "country_id": 40
  },
  {
    "zone_name": "America/Regina",
    "gmt_offset": -21600,
    "gmt_offset_name": "UTC-06:00",
    "abbreviation": "CST",
    "timezone_name": "Central Standard Time (North America)",
    "country_id": 40
  },
  {
    "zone_name": "America/Resolute",
    "gmt_offset": -21600,
    "gmt_offset_name": "UTC-06:00",
    "abbreviation": "CST",
    "timezone_name": "Central Standard Time (North America)",
    "country_id": 40
  },
  {
    "zone_name": "America/St_Johns",
    "gmt_offset": -12600,
    "gmt_offset_name": "UTC-03:30",
    "abbreviation": "NST",
    "timezone_name": "Newfoundland Standard Time",
    "country_id": 40
  },
  {
    "zone_name": "America/Swift_Current",
    "gmt_offset": -21600,
    "gmt_offset_name": "UTC-06:00",
    "abbreviation": "CST",
    "timezone_name": "Central Standard Time (North America)",
    "country_id": 40
  },
  {
    "zone_name": "America/Thunder_Bay",
    "gmt_offset": -18000,
    "gmt_offset_name": "UTC-05:00",
    "abbreviation": "EST",
    "timezone_name": "Eastern Standard Time (North America)",
    "country_id": 40
  },
  {
    "zone_name": "America/Toronto",
    "gmt_offset": -18000,
    "gmt_offset_name": "UTC-05:00",
    "abbreviation": "EST",
    "timezone_name": "Eastern Standard Time (North America)",
    "country_id": 40
  },
  {
    "zone_name": "America/Vancouver",
    "gmt_offset": -28800,
    "gmt_offset_name": "UTC-08:00",
    "abbreviation": "PST",
    "timezone_name": "Pacific Standard Time (North America)",
    "country_id": 40
  },
  {
    "zone_name": "America/Whitehorse",
    "gmt_offset": -25200,
    "gmt_offset_name": "UTC-07:00",
    "abbreviation": "MST",
    "timezone_name": "Mountain Standard Time (North America)",
    "country_id": 40
  },
  {
    "zone_name": "America/Winnipeg",
    "gmt_offset": -21600,
    "gmt_offset_name": "UTC-06:00",
    "abbreviation": "CST",
    "timezone_name": "Central Standard Time (North America)",
    "country_id": 40
  },
  {
    "zone_name": "America/Yellowknife",
    "gmt_offset": -25200,
    "gmt_offset_name": "UTC-07:00",
    "abbreviation": "MST",
    "timezone_name": "Mountain Standard Time (North America)",
    "country_id": 40
  },
  {
    "zone_name": "Atlantic/Cape_Verde",
    "gmt_offset": -3600,
    "gmt_offset_name": "UTC-01:00",
    "abbreviation": "CVT",
    "timezone_name": "Cape Verde Time",
    "country_id": 41
  },
  {
    "zone_name": "America/Cayman",
    "gmt_offset": -18000,
    "gmt_offset_name": "UTC-05:00",
    "abbreviation": "EST",
    "timezone_name": "Eastern Standard Time (North America)",
    "country_id": 42
  },
  {
    "zone_name": "Africa/Bangui",
    "gmt_offset": 3600,
    "gmt_offset_name": "UTC+01:00",
    "abbreviation": "WAT",
    "timezone_name": "West Africa Time",
    "country_id": 43
  },
  {
    "zone_name": "Africa/Ndjamena",
    "gmt_offset": 3600,
    "gmt_offset_name": "UTC+01:00",
    "abbreviation": "WAT",
    "timezone_name": "West Africa Time",
    "country_id": 44
  },
  {
    "zone_name": "America/Punta_Arenas",
    "gmt_offset": -10800,
    "gmt_offset_name": "UTC-03:00",
    "abbreviation": "CLST",
    "timezone_name": "Chile Summer Time",
    "country_id": 45
  },
  {
    "zone_name": "America/Santiago",
    "gmt_offset": -10800,
    "gmt_offset_name": "UTC-03:00",
    "abbreviation": "CLST",
    "timezone_name": "Chile Summer Time",
    "country_id": 45
  },
  {
    "zone_name": "Pacific/Easter",
    "gmt_offset": -18000,
    "gmt_offset_name": "UTC-05:00",
    "abbreviation": "EASST",
    "timezone_name": "Easter Island Summer Time",
    "country_id": 45
  },
  {
    "zone_name": "Asia/Shanghai",
    "gmt_offset": 28800,
    "gmt_offset_name": "UTC+08:00",
    "abbreviation": "CST",
    "timezone_name": "China Standard Time",
    "country_id": 46
  },
  {
    "zone_name": "Asia/Urumqi",
    "gmt_offset": 21600,
    "gmt_offset_name": "UTC+06:00",
    "abbreviation": "XJT",
    "timezone_name": "China Standard Time",
    "country_id": 46
  },
  {
    "zone_name": "Indian/Christmas",
    "gmt_offset": 25200,
    "gmt_offset_name": "UTC+07:00",
    "abbreviation": "CXT",
    "timezone_name": "Christmas Island Time",
    "country_id": 47
  },
  {
    "zone_name": "Indian/Cocos",
    "gmt_offset": 23400,
    "gmt_offset_name": "UTC+06:30",
    "abbreviation": "CCT",
    "timezone_name": "Cocos Islands Time",
    "country_id": 48
  },
  {
    "zone_name": "America/Bogota",
    "gmt_offset": -18000,
    "gmt_offset_name": "UTC-05:00",
    "abbreviation": "COT",
    "timezone_name": "Colombia Time",
    "country_id": 49
  },
  {
    "zone_name": "Indian/Comoro",
    "gmt_offset": 10800,
    "gmt_offset_name": "UTC+03:00",
    "abbreviation": "EAT",
    "timezone_name": "East Africa Time",
    "country_id": 50
  },
  {
    "zone_name": "Africa/Brazzaville",
    "gmt_offset": 3600,
    "gmt_offset_name": "UTC+01:00",
    "abbreviation": "WAT",
    "timezone_name": "West Africa Time",
    "country_id": 51
  },
  {
    "zone_name": "Pacific/Rarotonga",
    "gmt_offset": -36000,
    "gmt_offset_name": "UTC-10:00",
    "abbreviation": "CKT",
    "timezone_name": "Cook Island Time",
    "country_id": 52
  },
  {
    "zone_name": "America/Costa_Rica",
    "gmt_offset": -21600,
    "gmt_offset_name": "UTC-06:00",
    "abbreviation": "CST",
    "timezone_name": "Central Standard Time (North America)",
    "country_id": 53
  },
  {
    "zone_name": "Africa/Abidjan",
    "gmt_offset": 0,
    "gmt_offset_name": "UTC±00",
    "abbreviation": "GMT",
    "timezone_name": "Greenwich Mean Time",
    "country_id": 54
  },
  {
    "zone_name": "Europe/Zagreb",
    "gmt_offset": 3600,
    "gmt_offset_name": "UTC+01:00",
    "abbreviation": "CET",
    "timezone_name": "Central European Time",
    "country_id": 55
  },
  {
    "zone_name": "America/Havana",
    "gmt_offset": -18000,
    "gmt_offset_name": "UTC-05:00",
    "abbreviation": "CST",
    "timezone_name": "Cuba Standard Time",
    "country_id": 56
  },
  {
    "zone_name": "America/Curacao",
    "gmt_offset": -14400,
    "gmt_offset_name": "UTC-04:00",
    "abbreviation": "AST",
    "timezone_name": "Atlantic Standard Time",
    "country_id": 57
  },
  {
    "zone_name": "Asia/Famagusta",
    "gmt_offset": 7200,
    "gmt_offset_name": "UTC+02:00",
    "abbreviation": "EET",
    "timezone_name": "Eastern European Time",
    "country_id": 58
  },
  {
    "zone_name": "Asia/Nicosia",
    "gmt_offset": 7200,
    "gmt_offset_name": "UTC+02:00",
    "abbreviation": "EET",
    "timezone_name": "Eastern European Time",
    "country_id": 58
  },
  {
    "zone_name": "Europe/Prague",
    "gmt_offset": 3600,
    "gmt_offset_name": "UTC+01:00",
    "abbreviation": "CET",
    "timezone_name": "Central European Time",
    "country_id": 59
  },
  {
    "zone_name": "Africa/Kinshasa",
    "gmt_offset": 3600,
    "gmt_offset_name": "UTC+01:00",
    "abbreviation": "WAT",
    "timezone_name": "West Africa Time",
    "country_id": 60
  },
  {
    "zone_name": "Africa/Lubumbashi",
    "gmt_offset": 7200,
    "gmt_offset_name": "UTC+02:00",
    "abbreviation": "CAT",
    "timezone_name": "Central Africa Time",
    "country_id": 60
  },
  {
    "zone_name": "Europe/Copenhagen",
    "gmt_offset": 3600,
    "gmt_offset_name": "UTC+01:00",
    "abbreviation": "CET",
    "timezone_name": "Central European Time",
    "country_id": 61
  },
  {
    "zone_name": "Africa/Djibouti",
    "gmt_offset": 10800,
    "gmt_offset_name": "UTC+03:00",
    "abbreviation": "EAT",
    "timezone_name": "East Africa Time",
    "country_id": 62
  },
  {
    "zone_name": "America/Dominica",
    "gmt_offset": -14400,
    "gmt_offset_name": "UTC-04:00",
    "abbreviation": "AST",
    "timezone_name": "Atlantic Standard Time",
    "country_id": 63
  },
  {
    "zone_name": "America/Santo_Domingo",
    "gmt_offset": -14400,
    "gmt_offset_name": "UTC-04:00",
    "abbreviation": "AST",
    "timezone_name": "Atlantic Standard Time",
    "country_id": 64
  },
  {
    "zone_name": "Asia/Dili",
    "gmt_offset": 32400,
    "gmt_offset_name": "UTC+09:00",
    "abbreviation": "TLT",
    "timezone_name": "Timor Leste Time",
    "country_id": 65
  },
  {
    "zone_name": "America/Guayaquil",
    "gmt_offset": -18000,
    "gmt_offset_name": "UTC-05:00",
    "abbreviation": "ECT",
    "timezone_name": "Ecuador Time",
    "country_id": 66
  },
  {
    "zone_name": "Pacific/Galapagos",
    "gmt_offset": -21600,
    "gmt_offset_name": "UTC-06:00",
    "abbreviation": "GALT",
    "timezone_name": "Galápagos Time",
    "country_id": 66
  },
  {
    "zone_name": "Africa/Cairo",
    "gmt_offset": 7200,
    "gmt_offset_name": "UTC+02:00",
    "abbreviation": "EET",
    "timezone_name": "Eastern European Time",
    "country_id": 67
  },
  {
    "zone_name": "America/El_Salvador",
    "gmt_offset": -21600,
    "gmt_offset_name": "UTC-06:00",
    "abbreviation": "CST",
    "timezone_name": "Central Standard Time (North America)",
    "country_id": 68
  },
  {
    "zone_name": "Africa/Malabo",
    "gmt_offset": 3600,
    "gmt_offset_name": "UTC+01:00",
    "abbreviation": "WAT",
    "timezone_name": "West Africa Time",
    "country_id": 69
  },
  {
    "zone_name": "Africa/Asmara",
    "gmt_offset": 10800,
    "gmt_offset_name": "UTC+03:00",
    "abbreviation": "EAT",
    "timezone_name": "East Africa Time",
    "country_id": 70
  },
  {
    "zone_name": "Europe/Tallinn",
    "gmt_offset": 7200,
    "gmt_offset_name": "UTC+02:00",
    "abbreviation": "EET",
    "timezone_name": "Eastern European Time",
    "country_id": 71
  },
  {
    "zone_name": "Africa/Addis_Ababa",
    "gmt_offset": 10800,
    "gmt_offset_name": "UTC+03:00",
    "abbreviation": "EAT",
    "timezone_name": "East Africa Time",
    "country_id": 72
  },
  {
    "zone_name": "Atlantic/Stanley",
    "gmt_offset": -10800,
    "gmt_offset_name": "UTC-03:00",
    "abbreviation": "FKST",
    "timezone_name": "Falkland Islands Summer Time",
    "country_id": 73
  },
  {
    "zone_name": "Atlantic/Faroe",
    "gmt_offset": 0,
    "gmt_offset_name": "UTC±00",
    "abbreviation": "WET",
    "timezone_name": "Western European Time",
    "country_id": 74
  },
  {
    "zone_name": "Pacific/Fiji",
    "gmt_offset": 43200,
    "gmt_offset_name": "UTC+12:00",
    "abbreviation": "FJT",
    "timezone_name": "Fiji Time",
    "country_id": 75
  },
  {
    "zone_name": "Europe/Helsinki",
    "gmt_offset": 7200,
    "gmt_offset_name": "UTC+02:00",
    "abbreviation": "EET",
    "timezone_name": "Eastern European Time",
    "country_id": 76
  },
  {
    "zone_name": "Europe/Paris",
    "gmt_offset": 3600,
    "gmt_offset_name": "UTC+01:00",
    "abbreviation": "CET",
    "timezone_name": "Central European Time",
    "country_id": 77
  },
  {
    "zone_name": "America/Cayenne",
    "gmt_offset": -10800,
    "gmt_offset_name": "UTC-03:00",
    "abbreviation": "GFT",
    "timezone_name": "French Guiana Time",
    "country_id": 78
  },
  {
    "zone_name": "Pacific/Gambier",
    "gmt_offset": -32400,
    "gmt_offset_name": "UTC-09:00",
    "abbreviation": "GAMT",
    "timezone_name": "Gambier Islands Time",
    "country_id": 79
  },
  {
    "zone_name": "Pacific/Marquesas",
    "gmt_offset": -34200,
    "gmt_offset_name": "UTC-09:30",
    "abbreviation": "MART",
    "timezone_name": "Marquesas Islands Time",
    "country_id": 79
  },
  {
    "zone_name": "Pacific/Tahiti",
    "gmt_offset": -36000,
    "gmt_offset_name": "UTC-10:00",
    "abbreviation": "TAHT",
    "timezone_name": "Tahiti Time",
    "country_id": 79
  },
  {
    "zone_name": "Indian/Kerguelen",
    "gmt_offset": 18000,
    "gmt_offset_name": "UTC+05:00",
    "abbreviation": "TFT",
    "timezone_name": "French Southern and Antarctic Time",
    "country_id": 80
  },
  {
    "zone_name": "Africa/Libreville",
    "gmt_offset": 3600,
    "gmt_offset_name": "UTC+01:00",
    "abbreviation": "WAT",
    "timezone_name": "West Africa Time",
    "country_id": 81
  },
  {
    "zone_name": "Africa/Banjul",
    "gmt_offset": 0,
    "gmt_offset_name": "UTC±00",
    "abbreviation": "GMT",
    "timezone_name": "Greenwich Mean Time",
    "country_id": 82
  },
  {
    "zone_name": "Asia/Tbilisi",
    "gmt_offset": 14400,
    "gmt_offset_name": "UTC+04:00",
    "abbreviation": "GET",
    "timezone_name": "Georgia Standard Time",
    "country_id": 83
  },
  {
    "zone_name": "Europe/Berlin",
    "gmt_offset": 3600,
    "gmt_offset_name": "UTC+01:00",
    "abbreviation": "CET",
    "timezone_name": "Central European Time",
    "country_id": 84
  },
  {
    "zone_name": "Europe/Busingen",
    "gmt_offset": 3600,
    "gmt_offset_name": "UTC+01:00",
    "abbreviation": "CET",
    "timezone_name": "Central European Time",
    "country_id": 84
  },
  {
    "zone_name": "Africa/Accra",
    "gmt_offset": 0,
    "gmt_offset_name": "UTC±00",
    "abbreviation": "GMT",
    "timezone_name": "Greenwich Mean Time",
    "country_id": 85
  },
  {
    "zone_name": "Europe/Gibraltar",
    "gmt_offset": 3600,
    "gmt_offset_name": "UTC+01:00",
    "abbreviation": "CET",
    "timezone_name": "Central European Time",
    "country_id": 86
  },
  {
    "zone_name": "Europe/Athens",
    "gmt_offset": 7200,
    "gmt_offset_name": "UTC+02:00",
    "abbreviation": "EET",
    "timezone_name": "Eastern European Time",
    "country_id": 87
  },
  {
    "zone_name": "America/Danmarkshavn",
    "gmt_offset": 0,
    "gmt_offset_name": "UTC±00",
    "abbreviation": "GMT",
    "timezone_name": "Greenwich Mean Time",
    "country_id": 88
  },
  {
    "zone_name": "America/Nuuk",
    "gmt_offset": -10800,
    "gmt_offset_name": "UTC-03:00",
    "abbreviation": "WGT",
    "timezone_name": "West Greenland Time",
    "country_id": 88
  },
  {
    "zone_name": "America/Scoresbysund",
    "gmt_offset": -3600,
    "gmt_offset_name": "UTC-01:00",
    "abbreviation": "EGT",
    "timezone_name": "Eastern Greenland Time",
    "country_id": 88
  },
  {
    "zone_name": "America/Thule",
    "gmt_offset": -14400,
    "gmt_offset_name": "UTC-04:00",
    "abbreviation": "AST",
    "timezone_name": "Atlantic Standard Time",
    "country_id": 88
  },
  {
    "zone_name": "America/Grenada",
    "gmt_offset": -14400,
    "gmt_offset_name": "UTC-04:00",
    "abbreviation": "AST",
    "timezone_name": "Atlantic Standard Time",
    "country_id": 89
  },
  {
    "zone_name": "America/Guadeloupe",
    "gmt_offset": -14400,
    "gmt_offset_name": "UTC-04:00",
    "abbreviation": "AST",
    "timezone_name": "Atlantic Standard Time",
    "country_id": 90
  },
  {
    "zone_name": "Pacific/Guam",
    "gmt_offset": 36000,
    "gmt_offset_name": "UTC+10:00",
    "abbreviation": "CHST",
    "timezone_name": "Chamorro Standard Time",
    "country_id": 91
  },
  {
    "zone_name": "America/Guatemala",
    "gmt_offset": -21600,
    "gmt_offset_name": "UTC-06:00",
    "abbreviation": "CST",
    "timezone_name": "Central Standard Time (North America)",
    "country_id": 92
  },
  {
    "zone_name": "Europe/Guernsey",
    "gmt_offset": 0,
    "gmt_offset_name": "UTC±00",
    "abbreviation": "GMT",
    "timezone_name": "Greenwich Mean Time",
    "country_id": 93
  },
  {
    "zone_name": "Africa/Conakry",
    "gmt_offset": 0,
    "gmt_offset_name": "UTC±00",
    "abbreviation": "GMT",
    "timezone_name": "Greenwich Mean Time",
    "country_id": 94
  },
  {
    "zone_name": "Africa/Bissau",
    "gmt_offset": 0,
    "gmt_offset_name": "UTC±00",
    "abbreviation": "GMT",
    "timezone_name": "Greenwich Mean Time",
    "country_id": 95
  },
  {
    "zone_name": "America/Guyana",
    "gmt_offset": -14400,
    "gmt_offset_name": "UTC-04:00",
    "abbreviation": "GYT",
    "timezone_name": "Guyana Time",
    "country_id": 96
  },
  {
    "zone_name": "America/Port-au-Prince",
    "gmt_offset": -18000,
    "gmt_offset_name": "UTC-05:00",
    "abbreviation": "EST",
    "timezone_name": "Eastern Standard Time (North America)",
    "country_id": 97
  },
  {
    "zone_name": "Indian/Kerguelen",
    "gmt_offset": 18000,
    "gmt_offset_name": "UTC+05:00",
    "abbreviation": "TFT",
    "timezone_name": "French Southern and Antarctic Time",
    "country_id": 98
  },
  {
    "zone_name": "America/Tegucigalpa",
    "gmt_offset": -21600,
    "gmt_offset_name": "UTC-06:00",
    "abbreviation": "CST",
    "timezone_name": "Central Standard Time (North America)",
    "country_id": 99
  },
  {
    "zone_name": "Asia/Hong_Kong",
    "gmt_offset": 28800,
    "gmt_offset_name": "UTC+08:00",
    "abbreviation": "HKT",
    "timezone_name": "Hong Kong Time",
    "country_id": 100
  },
  {
    "zone_name": "Europe/Budapest",
    "gmt_offset": 3600,
    "gmt_offset_name": "UTC+01:00",
    "abbreviation": "CET",
    "timezone_name": "Central European Time",
    "country_id": 101
  },
  {
    "zone_name": "Atlantic/Reykjavik",
    "gmt_offset": 0,
    "gmt_offset_name": "UTC±00",
    "abbreviation": "GMT",
    "timezone_name": "Greenwich Mean Time",
    "country_id": 102
  },
  {
    "zone_name": "Asia/Kolkata",
    "gmt_offset": 19800,
    "gmt_offset_name": "UTC+05:30",
    "abbreviation": "IST",
    "timezone_name": "Indian Standard Time",
    "country_id": 103
  },
  {
    "zone_name": "Asia/Jakarta",
    "gmt_offset": 25200,
    "gmt_offset_name": "UTC+07:00",
    "abbreviation": "WIB",
    "timezone_name": "Western Indonesian Time",
    "country_id": 104
  },
  {
    "zone_name": "Asia/Jayapura",
    "gmt_offset": 32400,
    "gmt_offset_name": "UTC+09:00",
    "abbreviation": "WIT",
    "timezone_name": "Eastern Indonesian Time",
    "country_id": 104
  },
  {
    "zone_name": "Asia/Makassar",
    "gmt_offset": 28800,
    "gmt_offset_name": "UTC+08:00",
    "abbreviation": "WITA",
    "timezone_name": "Central Indonesia Time",
    "country_id": 104
  },
  {
    "zone_name": "Asia/Pontianak",
    "gmt_offset": 25200,
    "gmt_offset_name": "UTC+07:00",
    "abbreviation": "WIB",
    "timezone_name": "Western Indonesian Time",
    "country_id": 104
  },
  {
    "zone_name": "Asia/Tehran",
    "gmt_offset": 12600,
    "gmt_offset_name": "UTC+03:30",
    "abbreviation": "IRDT",
    "timezone_name": "Iran Daylight Time",
    "country_id": 105
  },
  {
    "zone_name": "Asia/Baghdad",
    "gmt_offset": 10800,
    "gmt_offset_name": "UTC+03:00",
    "abbreviation": "AST",
    "timezone_name": "Arabia Standard Time",
    "country_id": 106
  },
  {
    "zone_name": "Europe/Dublin",
    "gmt_offset": 0,
    "gmt_offset_name": "UTC±00",
    "abbreviation": "GMT",
    "timezone_name": "Greenwich Mean Time",
    "country_id": 107
  },
  {
    "zone_name": "Asia/Jerusalem",
    "gmt_offset": 7200,
    "gmt_offset_name": "UTC+02:00",
    "abbreviation": "IST",
    "timezone_name": "Israel Standard Time",
    "country_id": 108
  },
  {
    "zone_name": "Europe/Rome",
    "gmt_offset": 3600,
    "gmt_offset_name": "UTC+01:00",
    "abbreviation": "CET",
    "timezone_name": "Central European Time",
    "country_id": 109
  },
  {
    "zone_name": "America/Jamaica",
    "gmt_offset": -18000,
    "gmt_offset_name": "UTC-05:00",
    "abbreviation": "EST",
    "timezone_name": "Eastern Standard Time (North America)",
    "country_id": 110
  },
  {
    "zone_name": "Asia/Tokyo",
    "gmt_offset": 32400,
    "gmt_offset_name": "UTC+09:00",
    "abbreviation": "JST",
    "timezone_name": "Japan Standard Time",
    "country_id": 111
  },
  {
    "zone_name": "Europe/Jersey",
    "gmt_offset": 0,
    "gmt_offset_name": "UTC±00",
    "abbreviation": "GMT",
    "timezone_name": "Greenwich Mean Time",
    "country_id": 112
  },
  {
    "zone_name": "Asia/Amman",
    "gmt_offset": 7200,
    "gmt_offset_name": "UTC+02:00",
    "abbreviation": "EET",
    "timezone_name": "Eastern European Time",
    "country_id": 113
  },
  {
    "zone_name": "Asia/Almaty",
    "gmt_offset": 21600,
    "gmt_offset_name": "UTC+06:00",
    "abbreviation": "ALMT",
    "timezone_name": "Alma-Ata Time",
    "country_id": 114
  },
  {
    "zone_name": "Asia/Aqtau",
    "gmt_offset": 18000,
    "gmt_offset_name": "UTC+05:00",
    "abbreviation": "AQTT",
    "timezone_name": "Aqtobe Time",
    "country_id": 114
  },
  {
    "zone_name": "Asia/Aqtobe",
    "gmt_offset": 18000,
    "gmt_offset_name": "UTC+05:00",
    "abbreviation": "AQTT",
    "timezone_name": "Aqtobe Time",
    "country_id": 114
  },
  {
    "zone_name": "Asia/Atyrau",
    "gmt_offset": 18000,
    "gmt_offset_name": "UTC+05:00",
    "abbreviation": "MSD+1",
    "timezone_name": "Moscow Daylight Time+1",
    "country_id": 114
  },
  {
    "zone_name": "Asia/Oral",
    "gmt_offset": 18000,
    "gmt_offset_name": "UTC+05:00",
    "abbreviation": "ORAT",
    "timezone_name": "Oral Time",
    "country_id": 114
  },
  {
    "zone_name": "Asia/Qostanay",
    "gmt_offset": 21600,
    "gmt_offset_name": "UTC+06:00",
    "abbreviation": "QYZST",
    "timezone_name": "Qyzylorda Summer Time",
    "country_id": 114
  },
  {
    "zone_name": "Asia/Qyzylorda",
    "gmt_offset": 18000,
    "gmt_offset_name": "UTC+05:00",
    "abbreviation": "QYZT",
    "timezone_name": "Qyzylorda Summer Time",
    "country_id": 114
  },
  {
    "zone_name": "Africa/Nairobi",
    "gmt_offset": 10800,
    "gmt_offset_name": "UTC+03:00",
    "abbreviation": "EAT",
    "timezone_name": "East Africa Time",
    "country_id": 115
  },
  {
    "zone_name": "Pacific/Enderbury",
    "gmt_offset": 46800,
    "gmt_offset_name": "UTC+13:00",
    "abbreviation": "PHOT",
    "timezone_name": "Phoenix Island Time",
    "country_id": 116
  },
  {
    "zone_name": "Pacific/Kiritimati",
    "gmt_offset": 50400,
    "gmt_offset_name": "UTC+14:00",
    "abbreviation": "LINT",
    "timezone_name": "Line Islands Time",
    "country_id": 116
  },
  {
    "zone_name": "Pacific/Tarawa",
    "gmt_offset": 43200,
    "gmt_offset_name": "UTC+12:00",
    "abbreviation": "GILT",
    "timezone_name": "Gilbert Island Time",
    "country_id": 116
  },
  {
    "zone_name": "Europe/Belgrade",
    "gmt_offset": 3600,
    "gmt_offset_name": "UTC+01:00",
    "abbreviation": "CET",
    "timezone_name": "Central European Time",
    "country_id": 117
  },
  {
    "zone_name": "Asia/Kuwait",
    "gmt_offset": 10800,
    "gmt_offset_name": "UTC+03:00",
    "abbreviation": "AST",
    "timezone_name": "Arabia Standard Time",
    "country_id": 118
  },
  {
    "zone_name": "Asia/Bishkek",
    "gmt_offset": 21600,
    "gmt_offset_name": "UTC+06:00",
    "abbreviation": "KGT",
    "timezone_name": "Kyrgyzstan Time",
    "country_id": 119
  },
  {
    "zone_name": "Asia/Vientiane",
    "gmt_offset": 25200,
    "gmt_offset_name": "UTC+07:00",
    "abbreviation": "ICT",
    "timezone_name": "Indochina Time",
    "country_id": 120
  },
  {
    "zone_name": "Europe/Riga",
    "gmt_offset": 7200,
    "gmt_offset_name": "UTC+02:00",
    "abbreviation": "EET",
    "timezone_name": "Eastern European Time",
    "country_id": 121
  },
  {
    "zone_name": "Asia/Beirut",
    "gmt_offset": 7200,
    "gmt_offset_name": "UTC+02:00",
    "abbreviation": "EET",
    "timezone_name": "Eastern European Time",
    "country_id": 122
  },
  {
    "zone_name": "Africa/Maseru",
    "gmt_offset": 7200,
    "gmt_offset_name": "UTC+02:00",
    "abbreviation": "SAST",
    "timezone_name": "South African Standard Time",
    "country_id": 123
  },
  {
    "zone_name": "Africa/Monrovia",
    "gmt_offset": 0,
    "gmt_offset_name": "UTC±00",
    "abbreviation": "GMT",
    "timezone_name": "Greenwich Mean Time",
    "country_id": 124
  },
  {
    "zone_name": "Africa/Tripoli",
    "gmt_offset": 7200,
    "gmt_offset_name": "UTC+02:00",
    "abbreviation": "EET",
    "timezone_name": "Eastern European Time",
    "country_id": 125
  },
  {
    "zone_name": "Europe/Vaduz",
    "gmt_offset": 3600,
    "gmt_offset_name": "UTC+01:00",
    "abbreviation": "CET",
    "timezone_name": "Central European Time",
    "country_id": 126
  },
  {
    "zone_name": "Europe/Vilnius",
    "gmt_offset": 7200,
    "gmt_offset_name": "UTC+02:00",
    "abbreviation": "EET",
    "timezone_name": "Eastern European Time",
    "country_id": 127
  },
  {
    "zone_name": "Europe/Luxembourg",
    "gmt_offset": 3600,
    "gmt_offset_name": "UTC+01:00",
    "abbreviation": "CET",
    "timezone_name": "Central European Time",
    "country_id": 128
  },
  {
    "zone_name": "Asia/Macau",
    "gmt_offset": 28800,
    "gmt_offset_name": "UTC+08:00",
    "abbreviation": "CST",
    "timezone_name": "China Standard Time",
    "country_id": 129
  },
  {
    "zone_name": "Europe/Skopje",
    "gmt_offset": 3600,
    "gmt_offset_name": "UTC+01:00",
    "abbreviation": "CET",
    "timezone_name": "Central European Time",
    "country_id": 130
  },
  {
    "zone_name": "Indian/Antananarivo",
    "gmt_offset": 10800,
    "gmt_offset_name": "UTC+03:00",
    "abbreviation": "EAT",
    "timezone_name": "East Africa Time",
    "country_id": 131
  },
  {
    "zone_name": "Africa/Blantyre",
    "gmt_offset": 7200,
    "gmt_offset_name": "UTC+02:00",
    "abbreviation": "CAT",
    "timezone_name": "Central Africa Time",
    "country_id": 132
  },
  {
    "zone_name": "Asia/Kuala_Lumpur",
    "gmt_offset": 28800,
    "gmt_offset_name": "UTC+08:00",
    "abbreviation": "MYT",
    "timezone_name": "Malaysia Time",
    "country_id": 133
  },
  {
    "zone_name": "Asia/Kuching",
    "gmt_offset": 28800,
    "gmt_offset_name": "UTC+08:00",
    "abbreviation": "MYT",
    "timezone_name": "Malaysia Time",
    "country_id": 133
  },
  {
    "zone_name": "Indian/Maldives",
    "gmt_offset": 18000,
    "gmt_offset_name": "UTC+05:00",
    "abbreviation": "MVT",
    "timezone_name": "Maldives Time",
    "country_id": 134
  },
  {
    "zone_name": "Africa/Bamako",
    "gmt_offset": 0,
    "gmt_offset_name": "UTC±00",
    "abbreviation": "GMT",
    "timezone_name": "Greenwich Mean Time",
    "country_id": 135
  },
  {
    "zone_name": "Europe/Malta",
    "gmt_offset": 3600,
    "gmt_offset_name": "UTC+01:00",
    "abbreviation": "CET",
    "timezone_name": "Central European Time",
    "country_id": 136
  },
  {
    "zone_name": "Europe/Isle_of_Man",
    "gmt_offset": 0,
    "gmt_offset_name": "UTC±00",
    "abbreviation": "GMT",
    "timezone_name": "Greenwich Mean Time",
    "country_id": 137
  },
  {
    "zone_name": "Pacific/Kwajalein",
    "gmt_offset": 43200,
    "gmt_offset_name": "UTC+12:00",
    "abbreviation": "MHT",
    "timezone_name": "Marshall Islands Time",
    "country_id": 138
  },
  {
    "zone_name": "Pacific/Majuro",
    "gmt_offset": 43200,
    "gmt_offset_name": "UTC+12:00",
    "abbreviation": "MHT",
    "timezone_name": "Marshall Islands Time",
    "country_id": 138
  },
  {
    "zone_name": "America/Martinique",
    "gmt_offset": -14400,
    "gmt_offset_name": "UTC-04:00",
    "abbreviation": "AST",
    "timezone_name": "Atlantic Standard Time",
    "country_id": 139
  },
  {
    "zone_name": "Africa/Nouakchott",
    "gmt_offset": 0,
    "gmt_offset_name": "UTC±00",
    "abbreviation": "GMT",
    "timezone_name": "Greenwich Mean Time",
    "country_id": 140
  },
  {
    "zone_name": "Indian/Mauritius",
    "gmt_offset": 14400,
    "gmt_offset_name": "UTC+04:00",
    "abbreviation": "MUT",
    "timezone_name": "Mauritius Time",
    "country_id": 141
  },
  {
    "zone_name": "Indian/Mayotte",
    "gmt_offset": 10800,
    "gmt_offset_name": "UTC+03:00",
    "abbreviation": "EAT",
    "timezone_name": "East Africa Time",
    "country_id": 142
  },
  {
    "zone_name": "America/Bahia_Banderas",
    "gmt_offset": -21600,
    "gmt_offset_name": "UTC-06:00",
    "abbreviation": "CST",
    "timezone_name": "Central Standard Time (North America)",
    "country_id": 143
  },
  {
    "zone_name": "America/Cancun",
    "gmt_offset": -18000,
    "gmt_offset_name": "UTC-05:00",
    "abbreviation": "EST",
    "timezone_name": "Eastern Standard Time (North America)",
    "country_id": 143
  },
  {
    "zone_name": "America/Chihuahua",
    "gmt_offset": -25200,
    "gmt_offset_name": "UTC-07:00",
    "abbreviation": "MST",
    "timezone_name": "Mountain Standard Time (North America)",
    "country_id": 143
  },
  {
    "zone_name": "America/Hermosillo",
    "gmt_offset": -25200,
    "gmt_offset_name": "UTC-07:00",
    "abbreviation": "MST",
    "timezone_name": "Mountain Standard Time (North America)",
    "country_id": 143
  },
  {
    "zone_name": "America/Matamoros",
    "gmt_offset": -21600,
    "gmt_offset_name": "UTC-06:00",
    "abbreviation": "CST",
    "timezone_name": "Central Standard Time (North America)",
    "country_id": 143
  },
  {
    "zone_name": "America/Mazatlan",
    "gmt_offset": -25200,
    "gmt_offset_name": "UTC-07:00",
    "abbreviation": "MST",
    "timezone_name": "Mountain Standard Time (North America)",
    "country_id": 143
  },
  {
    "zone_name": "America/Merida",
    "gmt_offset": -21600,
    "gmt_offset_name": "UTC-06:00",
    "abbreviation": "CST",
    "timezone_name": "Central Standard Time (North America)",
    "country_id": 143
  },
  {
    "zone_name": "America/Mexico_City",
    "gmt_offset": -21600,
    "gmt_offset_name": "UTC-06:00",
    "abbreviation": "CST",
    "timezone_name": "Central Standard Time (North America)",
    "country_id": 143
  },
  {
    "zone_name": "America/Monterrey",
    "gmt_offset": -21600,
    "gmt_offset_name": "UTC-06:00",
    "abbreviation": "CST",
    "timezone_name": "Central Standard Time (North America)",
    "country_id": 143
  },
  {
    "zone_name": "America/Ojinaga",
    "gmt_offset": -25200,
    "gmt_offset_name": "UTC-07:00",
    "abbreviation": "MST",
    "timezone_name": "Mountain Standard Time (North America)",
    "country_id": 143
  },
  {
    "zone_name": "America/Tijuana",
    "gmt_offset": -28800,
    "gmt_offset_name": "UTC-08:00",
    "abbreviation": "PST",
    "timezone_name": "Pacific Standard Time (North America)",
    "country_id": 143
  },
  {
    "zone_name": "Pacific/Chuuk",
    "gmt_offset": 36000,
    "gmt_offset_name": "UTC+10:00",
    "abbreviation": "CHUT",
    "timezone_name": "Chuuk Time",
    "country_id": 144
  },
  {
    "zone_name": "Pacific/Kosrae",
    "gmt_offset": 39600,
    "gmt_offset_name": "UTC+11:00",
    "abbreviation": "KOST",
    "timezone_name": "Kosrae Time",
    "country_id": 144
  },
  {
    "zone_name": "Pacific/Pohnpei",
    "gmt_offset": 39600,
    "gmt_offset_name": "UTC+11:00",
    "abbreviation": "PONT",
    "timezone_name": "Pohnpei Standard Time",
    "country_id": 144
  },
  {
    "zone_name": "Europe/Chisinau",
    "gmt_offset": 7200,
    "gmt_offset_name": "UTC+02:00",
    "abbreviation": "EET",
    "timezone_name": "Eastern European Time",
    "country_id": 145
  },
  {
    "zone_name": "Europe/Monaco",
    "gmt_offset": 3600,
    "gmt_offset_name": "UTC+01:00",
    "abbreviation": "CET",
    "timezone_name": "Central European Time",
    "country_id": 146
  },
  {
    "zone_name": "Asia/Choibalsan",
    "gmt_offset": 28800,
    "gmt_offset_name": "UTC+08:00",
    "abbreviation": "CHOT",
    "timezone_name": "Choibalsan Standard Time",
    "country_id": 147
  },
  {
    "zone_name": "Asia/Hovd",
    "gmt_offset": 25200,
    "gmt_offset_name": "UTC+07:00",
    "abbreviation": "HOVT",
    "timezone_name": "Hovd Time",
    "country_id": 147
  },
  {
    "zone_name": "Asia/Ulaanbaatar",
    "gmt_offset": 28800,
    "gmt_offset_name": "UTC+08:00",
    "abbreviation": "ULAT",
    "timezone_name": "Ulaanbaatar Standard Time",
    "country_id": 147
  },
  {
    "zone_name": "Europe/Podgorica",
    "gmt_offset": 3600,
    "gmt_offset_name": "UTC+01:00",
    "abbreviation": "CET",
    "timezone_name": "Central European Time",
    "country_id": 148
  },
  {
    "zone_name": "America/Montserrat",
    "gmt_offset": -14400,
    "gmt_offset_name": "UTC-04:00",
    "abbreviation": "AST",
    "timezone_name": "Atlantic Standard Time",
    "country_id": 149
  },
  {
    "zone_name": "Africa/Casablanca",
    "gmt_offset": 3600,
    "gmt_offset_name": "UTC+01:00",
    "abbreviation": "WEST",
    "timezone_name": "Western European Summer Time",
    "country_id": 150
  },
  {
    "zone_name": "Africa/Maputo",
    "gmt_offset": 7200,
    "gmt_offset_name": "UTC+02:00",
    "abbreviation": "CAT",
    "timezone_name": "Central Africa Time",
    "country_id": 151
  },
  {
    "zone_name": "Asia/Yangon",
    "gmt_offset": 23400,
    "gmt_offset_name": "UTC+06:30",
    "abbreviation": "MMT",
    "timezone_name": "Myanmar Standard Time",
    "country_id": 152
  },
  {
    "zone_name": "Africa/Windhoek",
    "gmt_offset": 7200,
    "gmt_offset_name": "UTC+02:00",
    "abbreviation": "WAST",
    "timezone_name": "West Africa Summer Time",
    "country_id": 153
  },
  {
    "zone_name": "Pacific/Nauru",
    "gmt_offset": 43200,
    "gmt_offset_name": "UTC+12:00",
    "abbreviation": "NRT",
    "timezone_name": "Nauru Time",
    "country_id": 154
  },
  {
    "zone_name": "Asia/Kathmandu",
    "gmt_offset": 20700,
    "gmt_offset_name": "UTC+05:45",
    "abbreviation": "NPT",
    "timezone_name": "Nepal Time",
    "country_id": 155
  },
  {
    "zone_name": "Europe/Amsterdam",
    "gmt_offset": 3600,
    "gmt_offset_name": "UTC+01:00",
    "abbreviation": "CET",
    "timezone_name": "Central European Time",
    "country_id": 156
  },
  {
    "zone_name": "Pacific/Noumea",
    "gmt_offset": 39600,
    "gmt_offset_name": "UTC+11:00",
    "abbreviation": "NCT",
    "timezone_name": "New Caledonia Time",
    "country_id": 157
  },
  {
    "zone_name": "Pacific/Auckland",
    "gmt_offset": 46800,
    "gmt_offset_name": "UTC+13:00",
    "abbreviation": "NZDT",
    "timezone_name": "New Zealand Daylight Time",
    "country_id": 158
  },
  {
    "zone_name": "Pacific/Chatham",
    "gmt_offset": 49500,
    "gmt_offset_name": "UTC+13:45",
    "abbreviation": "CHAST",
    "timezone_name": "Chatham Standard Time",
    "country_id": 158
  },
  {
    "zone_name": "America/Managua",
    "gmt_offset": -21600,
    "gmt_offset_name": "UTC-06:00",
    "abbreviation": "CST",
    "timezone_name": "Central Standard Time (North America)",
    "country_id": 159
  },
  {
    "zone_name": "Africa/Niamey",
    "gmt_offset": 3600,
    "gmt_offset_name": "UTC+01:00",
    "abbreviation": "WAT",
    "timezone_name": "West Africa Time",
    "country_id": 160
  },
  {
    "zone_name": "Africa/Lagos",
    "gmt_offset": 3600,
    "gmt_offset_name": "UTC+01:00",
    "abbreviation": "WAT",
    "timezone_name": "West Africa Time",
    "country_id": 161
  },
  {
    "zone_name": "Pacific/Niue",
    "gmt_offset": -39600,
    "gmt_offset_name": "UTC-11:00",
    "abbreviation": "NUT",
    "timezone_name": "Niue Time",
    "country_id": 162
  },
  {
    "zone_name": "Pacific/Norfolk",
    "gmt_offset": 43200,
    "gmt_offset_name": "UTC+12:00",
    "abbreviation": "NFT",
    "timezone_name": "Norfolk Time",
    "country_id": 163
  },
  {
    "zone_name": "Asia/Pyongyang",
    "gmt_offset": 32400,
    "gmt_offset_name": "UTC+09:00",
    "abbreviation": "KST",
    "timezone_name": "Korea Standard Time",
    "country_id": 164
  },
  {
    "zone_name": "Pacific/Saipan",
    "gmt_offset": 36000,
    "gmt_offset_name": "UTC+10:00",
    "abbreviation": "ChST",
    "timezone_name": "Chamorro Standard Time",
    "country_id": 165
  },
  {
    "zone_name": "Europe/Oslo",
    "gmt_offset": 3600,
    "gmt_offset_name": "UTC+01:00",
    "abbreviation": "CET",
    "timezone_name": "Central European Time",
    "country_id": 166
  },
  {
    "zone_name": "Asia/Muscat",
    "gmt_offset": 14400,
    "gmt_offset_name": "UTC+04:00",
    "abbreviation": "GST",
    "timezone_name": "Gulf Standard Time",
    "country_id": 167
  },
  {
    "zone_name": "Asia/Karachi",
    "gmt_offset": 18000,
    "gmt_offset_name": "UTC+05:00",
    "abbreviation": "PKT",
    "timezone_name": "Pakistan Standard Time",
    "country_id": 168
  },
  {
    "zone_name": "Pacific/Palau",
    "gmt_offset": 32400,
    "gmt_offset_name": "UTC+09:00",
    "abbreviation": "PWT",
    "timezone_name": "Palau Time",
    "country_id": 169
  },
  {
    "zone_name": "Asia/Gaza",
    "gmt_offset": 7200,
    "gmt_offset_name": "UTC+02:00",
    "abbreviation": "EET",
    "timezone_name": "Eastern European Time",
    "country_id": 170
  },
  {
    "zone_name": "Asia/Hebron",
    "gmt_offset": 7200,
    "gmt_offset_name": "UTC+02:00",
    "abbreviation": "EET",
    "timezone_name": "Eastern European Time",
    "country_id": 170
  },
  {
    "zone_name": "America/Panama",
    "gmt_offset": -18000,
    "gmt_offset_name": "UTC-05:00",
    "abbreviation": "EST",
    "timezone_name": "Eastern Standard Time (North America)",
    "country_id": 171
  },
  {
    "zone_name": "Pacific/Bougainville",
    "gmt_offset": 39600,
    "gmt_offset_name": "UTC+11:00",
    "abbreviation": "BST",
    "timezone_name": "Bougainville Standard Time",
    "country_id": 172
  },
  {
    "zone_name": "Pacific/Port_Moresby",
    "gmt_offset": 36000,
    "gmt_offset_name": "UTC+10:00",
    "abbreviation": "PGT",
    "timezone_name": "Papua New Guinea Time",
    "country_id": 172
  },
  {
    "zone_name": "America/Asuncion",
    "gmt_offset": -10800,
    "gmt_offset_name": "UTC-03:00",
    "abbreviation": "PYST",
    "timezone_name": "Paraguay Summer Time",
    "country_id": 173
  },
  {
    "zone_name": "America/Lima",
    "gmt_offset": -18000,
    "gmt_offset_name": "UTC-05:00",
    "abbreviation": "PET",
    "timezone_name": "Peru Time",
    "country_id": 174
  },
  {
    "zone_name": "Asia/Manila",
    "gmt_offset": 28800,
    "gmt_offset_name": "UTC+08:00",
    "abbreviation": "PHT",
    "timezone_name": "Philippine Time",
    "country_id": 175
  },
  {
    "zone_name": "Pacific/Pitcairn",
    "gmt_offset": -28800,
    "gmt_offset_name": "UTC-08:00",
    "abbreviation": "PST",
    "timezone_name": "Pacific Standard Time (North America)",
    "country_id": 176
  },
  {
    "zone_name": "Europe/Warsaw",
    "gmt_offset": 3600,
    "gmt_offset_name": "UTC+01:00",
    "abbreviation": "CET",
    "timezone_name": "Central European Time",
    "country_id": 177
  },
  {
    "zone_name": "Atlantic/Azores",
    "gmt_offset": -3600,
    "gmt_offset_name": "UTC-01:00",
    "abbreviation": "AZOT",
    "timezone_name": "Azores Standard Time",
    "country_id": 178
  },
  {
    "zone_name": "Atlantic/Madeira",
    "gmt_offset": 0,
    "gmt_offset_name": "UTC±00",
    "abbreviation": "WET",
    "timezone_name": "Western European Time",
    "country_id": 178
  },
  {
    "zone_name": "Europe/Lisbon",
    "gmt_offset": 0,
    "gmt_offset_name": "UTC±00",
    "abbreviation": "WET",
    "timezone_name": "Western European Time",
    "country_id": 178
  },
  {
    "zone_name": "America/Puerto_Rico",
    "gmt_offset": -14400,
    "gmt_offset_name": "UTC-04:00",
    "abbreviation": "AST",
    "timezone_name": "Atlantic Standard Time",
    "country_id": 179
  },
  {
    "zone_name": "Asia/Qatar",
    "gmt_offset": 10800,
    "gmt_offset_name": "UTC+03:00",
    "abbreviation": "AST",
    "timezone_name": "Arabia Standard Time",
    "country_id": 180
  },
  {
    "zone_name": "Indian/Reunion",
    "gmt_offset": 14400,
    "gmt_offset_name": "UTC+04:00",
    "abbreviation": "RET",
    "timezone_name": "Réunion Time",
    "country_id": 181
  },
  {
    "zone_name": "Europe/Bucharest",
    "gmt_offset": 7200,
    "gmt_offset_name": "UTC+02:00",
    "abbreviation": "EET",
    "timezone_name": "Eastern European Time",
    "country_id": 182
  },
  {
    "zone_name": "Asia/Anadyr",
    "gmt_offset": 43200,
    "gmt_offset_name": "UTC+12:00",
    "abbreviation": "ANAT",
    "timezone_name": "Anadyr Time",
    "country_id": 183
  },
  {
    "zone_name": "Asia/Barnaul",
    "gmt_offset": 25200,
    "gmt_offset_name": "UTC+07:00",
    "abbreviation": "KRAT",
    "timezone_name": "Krasnoyarsk Time",
    "country_id": 183
  },
  {
    "zone_name": "Asia/Chita",
    "gmt_offset": 32400,
    "gmt_offset_name": "UTC+09:00",
    "abbreviation": "YAKT",
    "timezone_name": "Yakutsk Time",
    "country_id": 183
  },
  {
    "zone_name": "Asia/Irkutsk",
    "gmt_offset": 28800,
    "gmt_offset_name": "UTC+08:00",
    "abbreviation": "IRKT",
    "timezone_name": "Irkutsk Time",
    "country_id": 183
  },
  {
    "zone_name": "Asia/Kamchatka",
    "gmt_offset": 43200,
    "gmt_offset_name": "UTC+12:00",
    "abbreviation": "PETT",
    "timezone_name": "Kamchatka Time",
    "country_id": 183
  },
  {
    "zone_name": "Asia/Khandyga",
    "gmt_offset": 32400,
    "gmt_offset_name": "UTC+09:00",
    "abbreviation": "YAKT",
    "timezone_name": "Yakutsk Time",
    "country_id": 183
  },
  {
    "zone_name": "Asia/Krasnoyarsk",
    "gmt_offset": 25200,
    "gmt_offset_name": "UTC+07:00",
    "abbreviation": "KRAT",
    "timezone_name": "Krasnoyarsk Time",
    "country_id": 183
  },
  {
    "zone_name": "Asia/Magadan",
    "gmt_offset": 39600,
    "gmt_offset_name": "UTC+11:00",
    "abbreviation": "MAGT",
    "timezone_name": "Magadan Time",
    "country_id": 183
  },
  {
    "zone_name": "Asia/Novokuznetsk",
    "gmt_offset": 25200,
    "gmt_offset_name": "UTC+07:00",
    "abbreviation": "KRAT",
    "timezone_name": "Krasnoyarsk Time",
    "country_id": 183
  },
  {
    "zone_name": "Asia/Novosibirsk",
    "gmt_offset": 25200,
    "gmt_offset_name": "UTC+07:00",
    "abbreviation": "NOVT",
    "timezone_name": "Novosibirsk Time",
    "country_id": 183
  },
  {
    "zone_name": "Asia/Omsk",
    "gmt_offset": 21600,
    "gmt_offset_name": "UTC+06:00",
    "abbreviation": "OMST",
    "timezone_name": "Omsk Time",
    "country_id": 183
  },
  {
    "zone_name": "Asia/Sakhalin",
    "gmt_offset": 39600,
    "gmt_offset_name": "UTC+11:00",
    "abbreviation": "SAKT",
    "timezone_name": "Sakhalin Island Time",
    "country_id": 183
  },
  {
    "zone_name": "Asia/Srednekolymsk",
    "gmt_offset": 39600,
    "gmt_offset_name": "UTC+11:00",
    "abbreviation": "SRET",
    "timezone_name": "Srednekolymsk Time",
    "country_id": 183
  },
  {
    "zone_name": "Asia/Tomsk",
    "gmt_offset": 25200,
    "gmt_offset_name": "UTC+07:00",
    "abbreviation": "MSD+3",
    "timezone_name": "Moscow Daylight Time+3",
    "country_id": 183
  },
  {
    "zone_name": "Asia/Ust-Nera",
    "gmt_offset": 36000,
    "gmt_offset_name": "UTC+10:00",
    "abbreviation": "VLAT",
    "timezone_name": "Vladivostok Time",
    "country_id": 183
  },
  {
    "zone_name": "Asia/Vladivostok",
    "gmt_offset": 36000,
    "gmt_offset_name": "UTC+10:00",
    "abbreviation": "VLAT",
    "timezone_name": "Vladivostok Time",
    "country_id": 183
  },
  {
    "zone_name": "Asia/Yakutsk",
    "gmt_offset": 32400,
    "gmt_offset_name": "UTC+09:00",
    "abbreviation": "YAKT",
    "timezone_name": "Yakutsk Time",
    "country_id": 183
  },
  {
    "zone_name": "Asia/Yekaterinburg",
    "gmt_offset": 18000,
    "gmt_offset_name": "UTC+05:00",
    "abbreviation": "YEKT",
    "timezone_name": "Yekaterinburg Time",
    "country_id": 183
  },
  {
    "zone_name": "Europe/Astrakhan",
    "gmt_offset": 14400,
    "gmt_offset_name": "UTC+04:00",
    "abbreviation": "SAMT",
    "timezone_name": "Samara Time",
    "country_id": 183
  },
  {
    "zone_name": "Europe/Kaliningrad",
    "gmt_offset": 7200,
    "gmt_offset_name": "UTC+02:00",
    "abbreviation": "EET",
    "timezone_name": "Eastern European Time",
    "country_id": 183
  },
  {
    "zone_name": "Europe/Kirov",
    "gmt_offset": 10800,
    "gmt_offset_name": "UTC+03:00",
    "abbreviation": "MSK",
    "timezone_name": "Moscow Time",
    "country_id": 183
  },
  {
    "zone_name": "Europe/Moscow",
    "gmt_offset": 10800,
    "gmt_offset_name": "UTC+03:00",
    "abbreviation": "MSK",
    "timezone_name": "Moscow Time",
    "country_id": 183
  },
  {
    "zone_name": "Europe/Samara",
    "gmt_offset": 14400,
    "gmt_offset_name": "UTC+04:00",
    "abbreviation": "SAMT",
    "timezone_name": "Samara Time",
    "country_id": 183
  },
  {
    "zone_name": "Europe/Saratov",
    "gmt_offset": 14400,
    "gmt_offset_name": "UTC+04:00",
    "abbreviation": "MSD",
    "timezone_name": "Moscow Daylight Time+4",
    "country_id": 183
  },
  {
    "zone_name": "Europe/Ulyanovsk",
    "gmt_offset": 14400,
    "gmt_offset_name": "UTC+04:00",
    "abbreviation": "SAMT",
    "timezone_name": "Samara Time",
    "country_id": 183
  },
  {
    "zone_name": "Europe/Volgograd",
    "gmt_offset": 14400,
    "gmt_offset_name": "UTC+04:00",
    "abbreviation": "MSK",
    "timezone_name": "Moscow Standard Time",
    "country_id": 183
  },
  {
    "zone_name": "Africa/Kigali",
    "gmt_offset": 7200,
    "gmt_offset_name": "UTC+02:00",
    "abbreviation": "CAT",
    "timezone_name": "Central Africa Time",
    "country_id": 184
  },
  {
    "zone_name": "Atlantic/St_Helena",
    "gmt_offset": 0,
    "gmt_offset_name": "UTC±00",
    "abbreviation": "GMT",
    "timezone_name": "Greenwich Mean Time",
    "country_id": 185
  },
  {
    "zone_name": "America/St_Kitts",
    "gmt_offset": -14400,
    "gmt_offset_name": "UTC-04:00",
    "abbreviation": "AST",
    "timezone_name": "Atlantic Standard Time",
    "country_id": 186
  },
  {
    "zone_name": "America/St_Lucia",
    "gmt_offset": -14400,
    "gmt_offset_name": "UTC-04:00",
    "abbreviation": "AST",
    "timezone_name": "Atlantic Standard Time",
    "country_id": 187
  },
  {
    "zone_name": "America/Miquelon",
    "gmt_offset": -10800,
    "gmt_offset_name": "UTC-03:00",
    "abbreviation": "PMDT",
    "timezone_name": "Pierre & Miquelon Daylight Time",
    "country_id": 188
  },
  {
    "zone_name": "America/St_Vincent",
    "gmt_offset": -14400,
    "gmt_offset_name": "UTC-04:00",
    "abbreviation": "AST",
    "timezone_name": "Atlantic Standard Time",
    "country_id": 189
  },
  {
    "zone_name": "America/St_Barthelemy",
    "gmt_offset": -14400,
    "gmt_offset_name": "UTC-04:00",
    "abbreviation": "AST",
    "timezone_name": "Atlantic Standard Time",
    "country_id": 190
  },
  {
    "zone_name": "America/Marigot",
    "gmt_offset": -14400,
    "gmt_offset_name": "UTC-04:00",
    "abbreviation": "AST",
    "timezone_name": "Atlantic Standard Time",
    "country_id": 191
  },
  {
    "zone_name": "Pacific/Apia",
    "gmt_offset": 50400,
    "gmt_offset_name": "UTC+14:00",
    "abbreviation": "WST",
    "timezone_name": "West Samoa Time",
    "country_id": 192
  },
  {
    "zone_name": "Europe/San_Marino",
    "gmt_offset": 3600,
    "gmt_offset_name": "UTC+01:00",
    "abbreviation": "CET",
    "timezone_name": "Central European Time",
    "country_id": 193
  },
  {
    "zone_name": "Africa/Sao_Tome",
    "gmt_offset": 0,
    "gmt_offset_name": "UTC±00",
    "abbreviation": "GMT",
    "timezone_name": "Greenwich Mean Time",
    "country_id": 194
  },
  {
    "zone_name": "Asia/Riyadh",
    "gmt_offset": 10800,
    "gmt_offset_name": "UTC+03:00",
    "abbreviation": "AST",
    "timezone_name": "Arabia Standard Time",
    "country_id": 195
  },
  {
    "zone_name": "Africa/Dakar",
    "gmt_offset": 0,
    "gmt_offset_name": "UTC±00",
    "abbreviation": "GMT",
    "timezone_name": "Greenwich Mean Time",
    "country_id": 196
  },
  {
    "zone_name": "Europe/Belgrade",
    "gmt_offset": 3600,
    "gmt_offset_name": "UTC+01:00",
    "abbreviation": "CET",
    "timezone_name": "Central European Time",
    "country_id": 197
  },
  {
    "zone_name": "Indian/Mahe",
    "gmt_offset": 14400,
    "gmt_offset_name": "UTC+04:00",
    "abbreviation": "SCT",
    "timezone_name": "Seychelles Time",
    "country_id": 198
  },
  {
    "zone_name": "Africa/Freetown",
    "gmt_offset": 0,
    "gmt_offset_name": "UTC±00",
    "abbreviation": "GMT",
    "timezone_name": "Greenwich Mean Time",
    "country_id": 199
  },
  {
    "zone_name": "Asia/Singapore",
    "gmt_offset": 28800,
    "gmt_offset_name": "UTC+08:00",
    "abbreviation": "SGT",
    "timezone_name": "Singapore Time",
    "country_id": 200
  },
  {
    "zone_name": "America/Lower_Princes",
    "gmt_offset": -14400,
    "gmt_offset_name": "UTC-04:00",
    "abbreviation": "AST",
    "timezone_name": "Atlantic Standard Time",
    "country_id": 201
  },
  {
    "zone_name": "Europe/Bratislava",
    "gmt_offset": 3600,
    "gmt_offset_name": "UTC+01:00",
    "abbreviation": "CET",
    "timezone_name": "Central European Time",
    "country_id": 202
  },
  {
    "zone_name": "Europe/Ljubljana",
    "gmt_offset": 3600,
    "gmt_offset_name": "UTC+01:00",
    "abbreviation": "CET",
    "timezone_name": "Central European Time",
    "country_id": 203
  },
  {
    "zone_name": "Pacific/Guadalcanal",
    "gmt_offset": 39600,
    "gmt_offset_name": "UTC+11:00",
    "abbreviation": "SBT",
    "timezone_name": "Solomon Islands Time",
    "country_id": 204
  },
  {
    "zone_name": "Africa/Mogadishu",
    "gmt_offset": 10800,
    "gmt_offset_name": "UTC+03:00",
    "abbreviation": "EAT",
    "timezone_name": "East Africa Time",
    "country_id": 205
  },
  {
    "zone_name": "Africa/Johannesburg",
    "gmt_offset": 7200,
    "gmt_offset_name": "UTC+02:00",
    "abbreviation": "SAST",
    "timezone_name": "South African Standard Time",
    "country_id": 206
  },
  {
    "zone_name": "Atlantic/South_Georgia",
    "gmt_offset": -7200,
    "gmt_offset_name": "UTC-02:00",
    "abbreviation": "GST",
    "timezone_name": "South Georgia and the South Sandwich Islands Time",
    "country_id": 207
  },
  {
    "zone_name": "Asia/Seoul",
    "gmt_offset": 32400,
    "gmt_offset_name": "UTC+09:00",
    "abbreviation": "KST",
    "timezone_name": "Korea Standard Time",
    "country_id": 208
  },
  {
    "zone_name": "Africa/Juba",
    "gmt_offset": 10800,
    "gmt_offset_name": "UTC+03:00",
    "abbreviation": "EAT",
    "timezone_name": "East Africa Time",
    "country_id": 209
  },
  {
    "zone_name": "Africa/Ceuta",
    "gmt_offset": 3600,
    "gmt_offset_name": "UTC+01:00",
    "abbreviation": "CET",
    "timezone_name": "Central European Time",
    "country_id": 210
  },
  {
    "zone_name": "Atlantic/Canary",
    "gmt_offset": 0,
    "gmt_offset_name": "UTC±00",
    "abbreviation": "WET",
    "timezone_name": "Western European Time",
    "country_id": 210
  },
  {
    "zone_name": "Europe/Madrid",
    "gmt_offset": 3600,
    "gmt_offset_name": "UTC+01:00",
    "abbreviation": "CET",
    "timezone_name": "Central European Time",
    "country_id": 210
  },
  {
    "zone_name": "Asia/Colombo",
    "gmt_offset": 19800,
    "gmt_offset_name": "UTC+05:30",
    "abbreviation": "IST",
    "timezone_name": "Indian Standard Time",
    "country_id": 211
  },
  {
    "zone_name": "Africa/Khartoum",
    "gmt_offset": 7200,
    "gmt_offset_name": "UTC+02:00",
    "abbreviation": "EAT",
    "timezone_name": "Eastern African Time",
    "country_id": 212
  },
  {
    "zone_name": "America/Paramaribo",
    "gmt_offset": -10800,
    "gmt_offset_name": "UTC-03:00",
    "abbreviation": "SRT",
    "timezone_name": "Suriname Time",
    "country_id": 213
  },
  {
    "zone_name": "Arctic/Longyearbyen",
    "gmt_offset": 3600,
    "gmt_offset_name": "UTC+01:00",
    "abbreviation": "CET",
    "timezone_name": "Central European Time",
    "country_id": 214
  },
  {
    "zone_name": "Africa/Mbabane",
    "gmt_offset": 7200,
    "gmt_offset_name": "UTC+02:00",
    "abbreviation": "SAST",
    "timezone_name": "South African Standard Time",
    "country_id": 215
  },
  {
    "zone_name": "Europe/Stockholm",
    "gmt_offset": 3600,
    "gmt_offset_name": "UTC+01:00",
    "abbreviation": "CET",
    "timezone_name": "Central European Time",
    "country_id": 216
  },
  {
    "zone_name": "Europe/Zurich",
    "gmt_offset": 3600,
    "gmt_offset_name": "UTC+01:00",
    "abbreviation": "CET",
    "timezone_name": "Central European Time",
    "country_id": 217
  },
  {
    "zone_name": "Asia/Damascus",
    "gmt_offset": 7200,
    "gmt_offset_name": "UTC+02:00",
    "abbreviation": "EET",
    "timezone_name": "Eastern European Time",
    "country_id": 218
  },
  {
    "zone_name": "Asia/Taipei",
    "gmt_offset": 28800,
    "gmt_offset_name": "UTC+08:00",
    "abbreviation": "CST",
    "timezone_name": "China Standard Time",
    "country_id": 219
  },
  {
    "zone_name": "Asia/Dushanbe",
    "gmt_offset": 18000,
    "gmt_offset_name": "UTC+05:00",
    "abbreviation": "TJT",
    "timezone_name": "Tajikistan Time",
    "country_id": 220
  },
  {
    "zone_name": "Africa/Dar_es_Salaam",
    "gmt_offset": 10800,
    "gmt_offset_name": "UTC+03:00",
    "abbreviation": "EAT",
    "timezone_name": "East Africa Time",
    "country_id": 221
  },
  {
    "zone_name": "Asia/Bangkok",
    "gmt_offset": 25200,
    "gmt_offset_name": "UTC+07:00",
    "abbreviation": "ICT",
    "timezone_name": "Indochina Time",
    "country_id": 222
  },
  {
    "zone_name": "Africa/Lome",
    "gmt_offset": 0,
    "gmt_offset_name": "UTC±00",
    "abbreviation": "GMT",
    "timezone_name": "Greenwich Mean Time",
    "country_id": 223
  },
  {
    "zone_name": "Pacific/Fakaofo",
    "gmt_offset": 46800,
    "gmt_offset_name": "UTC+13:00",
    "abbreviation": "TKT",
    "timezone_name": "Tokelau Time",
    "country_id": 224
  },
  {
    "zone_name": "Pacific/Tongatapu",
    "gmt_offset": 46800,
    "gmt_offset_name": "UTC+13:00",
    "abbreviation": "TOT",
    "timezone_name": "Tonga Time",
    "country_id": 225
  },
  {
    "zone_name": "America/Port_of_Spain",
    "gmt_offset": -14400,
    "gmt_offset_name": "UTC-04:00",
    "abbreviation": "AST",
    "timezone_name": "Atlantic Standard Time",
    "country_id": 226
  },
  {
    "zone_name": "Africa/Tunis",
    "gmt_offset": 3600,
    "gmt_offset_name": "UTC+01:00",
    "abbreviation": "CET",
    "timezone_name": "Central European Time",
    "country_id": 227
  },
  {
    "zone_name": "Europe/Istanbul",
    "gmt_offset": 10800,
    "gmt_offset_name": "UTC+03:00",
    "abbreviation": "EET",
    "timezone_name": "Eastern European Time",
    "country_id": 228
  },
  {
    "zone_name": "Asia/Ashgabat",
    "gmt_offset": 18000,
    "gmt_offset_name": "UTC+05:00",
    "abbreviation": "TMT",
    "timezone_name": "Turkmenistan Time",
    "country_id": 229
  },
  {
    "zone_name": "America/Grand_Turk",
    "gmt_offset": -18000,
    "gmt_offset_name": "UTC-05:00",
    "abbreviation": "EST",
    "timezone_name": "Eastern Standard Time (North America)",
    "country_id": 230
  },
  {
    "zone_name": "Pacific/Funafuti",
    "gmt_offset": 43200,
    "gmt_offset_name": "UTC+12:00",
    "abbreviation": "TVT",
    "timezone_name": "Tuvalu Time",
    "country_id": 231
  },
  {
    "zone_name": "Africa/Kampala",
    "gmt_offset": 10800,
    "gmt_offset_name": "UTC+03:00",
    "abbreviation": "EAT",
    "timezone_name": "East Africa Time",
    "country_id": 232
  },
  {
    "zone_name": "Europe/Kiev",
    "gmt_offset": 7200,
    "gmt_offset_name": "UTC+02:00",
    "abbreviation": "EET",
    "timezone_name": "Eastern European Time",
    "country_id": 233
  },
  {
    "zone_name": "Europe/Simferopol",
    "gmt_offset": 10800,
    "gmt_offset_name": "UTC+03:00",
    "abbreviation": "MSK",
    "timezone_name": "Moscow Time",
    "country_id": 233
  },
  {
    "zone_name": "Europe/Uzhgorod",
    "gmt_offset": 7200,
    "gmt_offset_name": "UTC+02:00",
    "abbreviation": "EET",
    "timezone_name": "Eastern European Time",
    "country_id": 233
  },
  {
    "zone_name": "Europe/Zaporozhye",
    "gmt_offset": 7200,
    "gmt_offset_name": "UTC+02:00",
    "abbreviation": "EET",
    "timezone_name": "Eastern European Time",
    "country_id": 233
  },
  {
    "zone_name": "Asia/Dubai",
    "gmt_offset": 14400,
    "gmt_offset_name": "UTC+04:00",
    "abbreviation": "GST",
    "timezone_name": "Gulf Standard Time",
    "country_id": 234
  },
  {
    "zone_name": "Europe/London",
    "gmt_offset": 0,
    "gmt_offset_name": "UTC±00",
    "abbreviation": "GMT",
    "timezone_name": "Greenwich Mean Time",
    "country_id": 235
  },
  {
    "zone_name": "America/Adak",
    "gmt_offset": -36000,
    "gmt_offset_name": "UTC-10:00",
    "abbreviation": "HST",
    "timezone_name": "Hawaii–Aleutian Standard Time",
    "country_id": 236
  },
  {
    "zone_name": "America/Anchorage",
    "gmt_offset": -32400,
    "gmt_offset_name": "UTC-09:00",
    "abbreviation": "AKST",
    "timezone_name": "Alaska Standard Time",
    "country_id": 236
  },
  {
    "zone_name": "America/Boise",
    "gmt_offset": -25200,
    "gmt_offset_name": "UTC-07:00",
    "abbreviation": "MST",
    "timezone_name": "Mountain Standard Time (North America)",
    "country_id": 236
  },
  {
    "zone_name": "America/Chicago",
    "gmt_offset": -21600,
    "gmt_offset_name": "UTC-06:00",
    "abbreviation": "CST",
    "timezone_name": "Central Standard Time (North America)",
    "country_id": 236
  },
  {
    "zone_name": "America/Denver",
    "gmt_offset": -25200,
    "gmt_offset_name": "UTC-07:00",
    "abbreviation": "MST",
    "timezone_name": "Mountain Standard Time (North America)",
    "country_id": 236
  },
  {
    "zone_name": "America/Detroit",
    "gmt_offset": -18000,
    "gmt_offset_name": "UTC-05:00",
    "abbreviation": "EST",
    "timezone_name": "Eastern Standard Time (North America)",
    "country_id": 236
  },
  {
    "zone_name": "America/Indiana/Indianapolis",
    "gmt_offset": -18000,
    "gmt_offset_name": "UTC-05:00",
    "abbreviation": "EST",
    "timezone_name": "Eastern Standard Time (North America)",
    "country_id": 236
  },
  {
    "zone_name": "America/Indiana/Knox",
    "gmt_offset": -21600,
    "gmt_offset_name": "UTC-06:00",
    "abbreviation": "CST",
    "timezone_name": "Central Standard Time (North America)",
    "country_id": 236
  },
  {
    "zone_name": "America/Indiana/Marengo",
    "gmt_offset": -18000,
    "gmt_offset_name": "UTC-05:00",
    "abbreviation": "EST",
    "timezone_name": "Eastern Standard Time (North America)",
    "country_id": 236
  },
  {
    "zone_name": "America/Indiana/Petersburg",
    "gmt_offset": -18000,
    "gmt_offset_name": "UTC-05:00",
    "abbreviation": "EST",
    "timezone_name": "Eastern Standard Time (North America)",
    "country_id": 236
  },
  {
    "zone_name": "America/Indiana/Tell_City",
    "gmt_offset": -21600,
    "gmt_offset_name": "UTC-06:00",
    "abbreviation": "CST",
    "timezone_name": "Central Standard Time (North America)",
    "country_id": 236
  },
  {
    "zone_name": "America/Indiana/Vevay",
    "gmt_offset": -18000,
    "gmt_offset_name": "UTC-05:00",
    "abbreviation": "EST",
    "timezone_name": "Eastern Standard Time (North America)",
    "country_id": 236
  },
  {
    "zone_name": "America/Indiana/Vincennes",
    "gmt_offset": -18000,
    "gmt_offset_name": "UTC-05:00",
    "abbreviation": "EST",
    "timezone_name": "Eastern Standard Time (North America)",
    "country_id": 236
  },
  {
    "zone_name": "America/Indiana/Winamac",
    "gmt_offset": -18000,
    "gmt_offset_name": "UTC-05:00",
    "abbreviation": "EST",
    "timezone_name": "Eastern Standard Time (North America)",
    "country_id": 236
  },
  {
    "zone_name": "America/Juneau",
    "gmt_offset": -32400,
    "gmt_offset_name": "UTC-09:00",
    "abbreviation": "AKST",
    "timezone_name": "Alaska Standard Time",
    "country_id": 236
  },
  {
    "zone_name": "America/Kentucky/Louisville",
    "gmt_offset": -18000,
    "gmt_offset_name": "UTC-05:00",
    "abbreviation": "EST",
    "timezone_name": "Eastern Standard Time (North America)",
    "country_id": 236
  },
  {
    "zone_name": "America/Kentucky/Monticello",
    "gmt_offset": -18000,
    "gmt_offset_name": "UTC-05:00",
    "abbreviation": "EST",
    "timezone_name": "Eastern Standard Time (North America)",
    "country_id": 236
  },
  {
    "zone_name": "America/Los_Angeles",
    "gmt_offset": -28800,
    "gmt_offset_name": "UTC-08:00",
    "abbreviation": "PST",
    "timezone_name": "Pacific Standard Time (North America)",
    "country_id": 236
  },
  {
    "zone_name": "America/Menominee",
    "gmt_offset": -21600,
    "gmt_offset_name": "UTC-06:00",
    "abbreviation": "CST",
    "timezone_name": "Central Standard Time (North America)",
    "country_id": 236
  },
  {
    "zone_name": "America/Metlakatla",
    "gmt_offset": -32400,
    "gmt_offset_name": "UTC-09:00",
    "abbreviation": "AKST",
    "timezone_name": "Alaska Standard Time",
    "country_id": 236
  },
  {
    "zone_name": "America/New_York",
    "gmt_offset": -18000,
    "gmt_offset_name": "UTC-05:00",
    "abbreviation": "EST",
    "timezone_name": "Eastern Standard Time (North America)",
    "country_id": 236
  },
  {
    "zone_name": "America/Nome",
    "gmt_offset": -32400,
    "gmt_offset_name": "UTC-09:00",
    "abbreviation": "AKST",
    "timezone_name": "Alaska Standard Time",
    "country_id": 236
  },
  {
    "zone_name": "America/North_Dakota/Beulah",
    "gmt_offset": -21600,
    "gmt_offset_name": "UTC-06:00",
    "abbreviation": "CST",
    "timezone_name": "Central Standard Time (North America)",
    "country_id": 236
  },
  {
    "zone_name": "America/North_Dakota/Center",
    "gmt_offset": -21600,
    "gmt_offset_name": "UTC-06:00",
    "abbreviation": "CST",
    "timezone_name": "Central Standard Time (North America)",
    "country_id": 236
  },
  {
    "zone_name": "America/North_Dakota/New_Salem",
    "gmt_offset": -21600,
    "gmt_offset_name": "UTC-06:00",
    "abbreviation": "CST",
    "timezone_name": "Central Standard Time (North America)",
    "country_id": 236
  },
  {
    "zone_name": "America/Phoenix",
    "gmt_offset": -25200,
    "gmt_offset_name": "UTC-07:00",
    "abbreviation": "MST",
    "timezone_name": "Mountain Standard Time (North America)",
    "country_id": 236
  },
  {
    "zone_name": "America/Sitka",
    "gmt_offset": -32400,
    "gmt_offset_name": "UTC-09:00",
    "abbreviation": "AKST",
    "timezone_name": "Alaska Standard Time",
    "country_id": 236
  },
  {
    "zone_name": "America/Yakutat",
    "gmt_offset": -32400,
    "gmt_offset_name": "UTC-09:00",
    "abbreviation": "AKST",
    "timezone_name": "Alaska Standard Time",
    "country_id": 236
  },
  {
    "zone_name": "Pacific/Honolulu",
    "gmt_offset": -36000,
    "gmt_offset_name": "UTC-10:00",
    "abbreviation": "HST",
    "timezone_name": "Hawaii–Aleutian Standard Time",
    "country_id": 236
  },
  {
    "zone_name": "Pacific/Midway",
    "gmt_offset": -39600,
    "gmt_offset_name": "UTC-11:00",
    "abbreviation": "SST",
    "timezone_name": "Samoa Standard Time",
    "country_id": 237
  },
  {
    "zone_name": "Pacific/Wake",
    "gmt_offset": 43200,
    "gmt_offset_name": "UTC+12:00",
    "abbreviation": "WAKT",
    "timezone_name": "Wake Island Time",
    "country_id": 237
  },
  {
    "zone_name": "America/Montevideo",
    "gmt_offset": -10800,
    "gmt_offset_name": "UTC-03:00",
    "abbreviation": "UYT",
    "timezone_name": "Uruguay Standard Time",
    "country_id": 238
  },
  {
    "zone_name": "Asia/Samarkand",
    "gmt_offset": 18000,
    "gmt_offset_name": "UTC+05:00",
    "abbreviation": "UZT",
    "timezone_name": "Uzbekistan Time",
    "country_id": 239
  },
  {
    "zone_name": "Asia/Tashkent",
    "gmt_offset": 18000,
    "gmt_offset_name": "UTC+05:00",
    "abbreviation": "UZT",
    "timezone_name": "Uzbekistan Time",
    "country_id": 239
  },
  {
    "zone_name": "Pacific/Efate",
    "gmt_offset": 39600,
    "gmt_offset_name": "UTC+11:00",
    "abbreviation": "VUT",
    "timezone_name": "Vanuatu Time",
    "country_id": 240
  },
  {
    "zone_name": "Europe/Vatican",
    "gmt_offset": 3600,
    "gmt_offset_name": "UTC+01:00",
    "abbreviation": "CET",
    "timezone_name": "Central European Time",
    "country_id": 241
  },
  {
    "zone_name": "America/Caracas",
    "gmt_offset": -14400,
    "gmt_offset_name": "UTC-04:00",
    "abbreviation": "VET",
    "timezone_name": "Venezuelan Standard Time",
    "country_id": 242
  },
  {
    "zone_name": "Asia/Ho_Chi_Minh",
    "gmt_offset": 25200,
    "gmt_offset_name": "UTC+07:00",
    "abbreviation": "ICT",
    "timezone_name": "Indochina Time",
    "country_id": 243
  },
  {
    "zone_name": "America/Tortola",
    "gmt_offset": -14400,
    "gmt_offset_name": "UTC-04:00",
    "abbreviation": "AST",
    "timezone_name": "Atlantic Standard Time",
    "country_id": 244
  },
  {
    "zone_name": "America/St_Thomas",
    "gmt_offset": -14400,
    "gmt_offset_name": "UTC-04:00",
    "abbreviation": "AST",
    "timezone_name": "Atlantic Standard Time",
    "country_id": 245
  },
  {
    "zone_name": "Pacific/Wallis",
    "gmt_offset": 43200,
    "gmt_offset_name": "UTC+12:00",
    "abbreviation": "WFT",
    "timezone_name": "Wallis & Futuna Time",
    "country_id": 246
  },
  {
    "zone_name": "Africa/El_Aaiun",
    "gmt_offset": 3600,
    "gmt_offset_name": "UTC+01:00",
    "abbreviation": "WEST",
    "timezone_name": "Western European Summer Time",
    "country_id": 247
  },
  {
    "zone_name": "Asia/Aden",
    "gmt_offset": 10800,
    "gmt_offset_name": "UTC+03:00",
    "abbreviation": "AST",
    "timezone_name": "Arabia Standard Time",
    "country_id": 248
  },
  {
    "zone_name": "Africa/Lusaka",
    "gmt_offset": 7200,
    "gmt_offset_name": "UTC+02:00",
    "abbreviation": "CAT",
    "timezone_name": "Central Africa Time",
    "country_id": 249
  },
  {
    "zone_name": "Africa/Harare",
    "gmt_offset": 7200,
    "gmt_offset_name": "UTC+02:00",
    "abbreviation": "CAT",
    "timezone_name": "Central Africa Time",
    "country_id": 250
  }
]
